repo,pr_number,feedback_final,numero_revisoes,tamanho_files,tamanho_linhas_adicionadas,tamanho_linhas_removidas,tempo_analise_horas,descricao_caracteres,interacoes_participantes,interacoes_comentarios
facebook/react,34780,CLOSED,1,1,46,4,18.96,785,mdj-uk,1
facebook/react,34768,CLOSED,1,3,194,0,3.2,3230,nossbigg,2
facebook/react,34762,MERGED,1,4,63,56,4.87,393,poteto,1
facebook/react,34759,MERGED,1,3,529,291,6.7,729,sebmarkbage,1
facebook/react,34757,MERGED,5,8,60,74,43.03,578,poteto,1
facebook/react,34754,MERGED,2,1,11,9,45.64,0,hoxyq,0
facebook/react,34747,MERGED,1,2,24,8,11.68,974,poteto,3
facebook/react,34742,MERGED,1,2,395,3,9.62,872,eps1lon,1
facebook/react,34734,MERGED,1,1,10,5,19.95,398,sebmarkbage,0
facebook/react,34726,MERGED,4,1,12,1,1.33,28,poteto,1
facebook/react,34720,MERGED,1,7,22,22,82.79,2483,eps1lon,1
facebook/react,34714,MERGED,1,1,2,4,1.19,0,josephsavona,1
facebook/react,34712,MERGED,1,21,36,24,87.29,2758,eps1lon,2
facebook/react,34710,CLOSED,2,3,6,6,10.39,743,kolvian,4
facebook/react,34704,MERGED,1,1,13,0,13.67,56,sebmarkbage,0
facebook/react,34703,MERGED,1,15,518,296,1.08,513,poteto,1
facebook/react,34700,MERGED,1,10,504,34,1.63,2449,poteto,3
facebook/react,34694,MERGED,1,2,58,2,1.02,335,gnoff,1
facebook/react,34692,MERGED,1,5,47,4,23.78,306,eps1lon,0
facebook/react,34691,MERGED,1,4,18,9,4.15,448,EugeneChoi4,0
facebook/react,34690,MERGED,1,4,53,20,1.12,1046,sebmarkbage,0
facebook/react,34684,MERGED,6,7,141,20,4.99,539,eps1lon,0
facebook/react,34682,MERGED,1,1,5,3,1.78,140,eps1lon,0
facebook/react,34673,MERGED,1,3,20,11,3.57,314,EugeneChoi4,0
facebook/react,34665,MERGED,3,4,25,17,4.19,204,eps1lon,3
facebook/react,34664,MERGED,1,3,8,20,5.79,129,eps1lon,1
facebook/react,34661,MERGED,4,2,3,3,18.56,0,eps1lon,0
facebook/react,34659,MERGED,4,2,29,25,18.44,598,sebmarkbage,1
facebook/react,34655,MERGED,5,2,88,0,34.86,344,eps1lon,1
facebook/react,34654,MERGED,1,1,16,0,64.49,1013,sebmarkbage,0
facebook/react,34653,MERGED,1,8,231,20,18.82,299,sebmarkbage,0
facebook/react,34652,MERGED,1,2,39,6,22.1,878,sebmarkbage,1
facebook/react,34651,MERGED,1,1,16,1,23.34,678,sebmarkbage,0
facebook/react,34649,MERGED,1,1,0,17,30.9,95,poteto,1
facebook/react,34648,MERGED,3,2,53,10,27.35,474,hoxyq,1
facebook/react,34646,MERGED,1,2,10,4,24.87,399,eps1lon,1
facebook/react,34645,MERGED,1,10,22,0,4.01,262,eps1lon,1
facebook/react,34644,MERGED,2,2,50,40,4.15,0,eps1lon,0
facebook/react,34642,MERGED,1,5,88,2,11.77,783,sebmarkbage,0
facebook/react,34640,MERGED,1,1,23,32,26.27,226,jackpope,1
facebook/react,34639,MERGED,1,17,29,29,63.93,758,eps1lon,1
facebook/react,34637,MERGED,2,5,218,7,50.2,410,jbrown215,1
facebook/react,34635,MERGED,1,5,76,11,1.79,605,sebmarkbage,1
facebook/react,34633,MERGED,3,56,233,253,73.81,66,eps1lon,1
facebook/react,34630,MERGED,2,6,33,90,111.35,1254,sebmarkbage,3
facebook/react,34629,MERGED,1,1,48,21,10.99,493,sebmarkbage,0
facebook/react,34627,MERGED,3,4,151,57,27.05,899,sebmarkbage,0
facebook/react,34625,MERGED,1,3,33,15,30.23,348,sebmarkbage,0
facebook/react,34624,MERGED,1,3,86,67,30.52,782,sebmarkbage,0
facebook/react,34620,MERGED,2,6,249,31,47.63,476,sebmarkbage,0
facebook/react,34619,MERGED,5,1,1,1,43.73,641,sebmarkbage,0
facebook/react,34611,MERGED,3,4,349,338,167.12,1094,EugeneChoi4,0
facebook/react,34607,MERGED,1,3,71,10,8.25,146,eps1lon,0
facebook/react,34606,MERGED,1,1,27,14,8.79,177,sebmarkbage,0
facebook/react,34605,MERGED,1,4,92,20,9.26,475,sebmarkbage,0
facebook/react,34604,MERGED,3,3,244,7,2.45,2066,sebmarkbage,1
facebook/react,34601,MERGED,1,5,101,0,1.58,1312,sebmarkbage,1
facebook/react,34599,MERGED,1,1,0,13,71.92,337,eps1lon,1
facebook/react,34597,MERGED,1,5,89,37,142.79,2096,EugeneChoi4,2
facebook/react,34596,MERGED,1,4,52,7,119.0,1985,EugeneChoi4,0
facebook/react,34595,MERGED,2,10,238,137,118.66,2091,EugeneChoi4,1
facebook/react,34594,MERGED,5,3,40,11,23.66,219,EugeneChoi4,0
facebook/react,34591,MERGED,2,1,2,2,116.29,46,eps1lon,0
facebook/react,34589,MERGED,2,5,104,8,1.22,974,josephsavona,1
facebook/react,34587,MERGED,2,2,55,7,4.18,410,eps1lon,0
facebook/react,34585,MERGED,1,2,126,92,2.99,189,eps1lon,0
facebook/react,34569,MERGED,1,6,93,12,16.84,214,hoxyq,1
facebook/react,34567,CLOSED,1,7,184,97,25.81,2220,EugeneChoi4,2
facebook/react,34566,MERGED,1,2,17,1,2.52,267,hoxyq,1
facebook/react,34565,MERGED,1,2,16,2,77.6,351,eps1lon,0
facebook/react,34564,MERGED,3,4,45,74,7.46,420,eps1lon,0
facebook/react,34557,CLOSED,5,24,1002,9,25.15,369,jorge-cab,0
facebook/react,34555,MERGED,2,2,3,3,13.53,125,eps1lon,0
facebook/react,34552,MERGED,6,7,87,13,83.78,1019,sebmarkbage,1
facebook/react,34551,MERGED,1,2,2,0,27.32,723,eps1lon,0
facebook/react,34550,MERGED,1,12,37,27,29.07,624,eps1lon,1
facebook/react,34548,MERGED,1,7,110,91,87.77,442,sebmarkbage,1
facebook/react,34546,MERGED,1,4,328,13,93.78,970,sebmarkbage,2
facebook/react,34545,MERGED,1,1,22,0,308.9,397,jackpope,1
facebook/react,34544,MERGED,1,1,18,0,308.97,170,jackpope,1
facebook/react,34543,MERGED,1,3,13,19,93.53,432,sebmarkbage,1
facebook/react,34539,MERGED,1,3,41,31,12.85,427,sebmarkbage,1
facebook/react,34538,MERGED,1,8,193,19,16.01,665,sebmarkbage,1
facebook/react,34537,MERGED,1,1,1,1,8.18,235,unstubbable,1
facebook/react,34535,MERGED,1,1,69,2,2.81,474,sebmarkbage,1
facebook/react,34533,MERGED,2,2,121,6,91.5,465,jackpope,1
facebook/react,34531,MERGED,1,1,13,1,3.73,74,lubieowoce,1
facebook/react,34528,MERGED,1,7,184,15,87.75,1682,EugeneChoi4,0
facebook/react,34525,MERGED,1,1,2,2,96.9,2442,eps1lon,1
facebook/react,34524,MERGED,13,5,341,113,172.25,1223,unstubbable,2
facebook/react,34523,MERGED,2,5,426,455,11.08,124,unstubbable,5
facebook/react,34522,MERGED,3,10,80,61,59.04,513,sebmarkbage,1
facebook/react,34521,MERGED,1,3,77,1,16.98,464,josephsavona,0
facebook/react,34520,MERGED,1,11,18,43,301.98,183,javache,1
facebook/react,34516,MERGED,2,2,23,3,26.91,268,eps1lon,0
facebook/react,34514,MERGED,1,7,71,11,4.79,963,eps1lon,1
facebook/react,34513,MERGED,1,3,11,145,5.97,349,eps1lon,0
facebook/react,34512,MERGED,2,7,90,204,6.45,614,eps1lon,1
facebook/react,34511,MERGED,1,5,90,1,39.74,750,sebmarkbage,1
facebook/react,34510,MERGED,2,5,219,52,14.71,1205,sebmarkbage,1
facebook/react,34509,MERGED,1,3,58,21,13.39,601,sebmarkbage,1
facebook/react,34508,MERGED,3,9,35,16,19.61,791,eps1lon,1
facebook/react,34507,MERGED,3,1,20,3,16.5,409,eps1lon,0
facebook/react,34505,MERGED,1,6,144,1,5.55,696,josephsavona,2
facebook/react,34504,MERGED,2,1,8,5,3.48,671,eps1lon,0
facebook/react,34503,MERGED,3,9,624,0,395.52,1307,josephsavona,0
facebook/react,34502,MERGED,1,1,2,2,10.82,185,sebmarkbage,3
facebook/react,34500,MERGED,1,2,71,22,2.31,1339,sebmarkbage,1
facebook/react,34499,MERGED,13,15,149,230,72.62,3062,EugeneChoi4,0
facebook/react,34497,MERGED,2,3,110,3,364.07,839,jbrown215,1
facebook/react,34495,MERGED,8,1,14,1,25.43,244,eps1lon,0
facebook/react,34493,MERGED,1,1,18,0,5.42,324,stipsan,0
facebook/react,34492,MERGED,1,2,69,3,199.74,199,jbrown215,1
facebook/react,34488,MERGED,8,3,81,0,84.0,2421,zekariasasaminew,5
facebook/react,34486,MERGED,1,10,165,88,26.95,562,sebmarkbage,1
facebook/react,34481,MERGED,3,3,150,6,48.81,2701,sebmarkbage,1
facebook/react,34478,MERGED,1,9,77,28,64.76,600,sebmarkbage,1
facebook/react,34475,MERGED,1,2,60,2,17.04,355,eps1lon,0
facebook/react,34468,MERGED,1,10,495,292,21.52,2177,EugeneChoi4,0
facebook/react,34467,MERGED,2,2,24,26,4.41,1045,eps1lon,0
facebook/react,34465,MERGED,1,1,9,0,4.76,697,unstubbable,1
facebook/react,34464,MERGED,1,1,6,2,21.23,365,eps1lon,0
facebook/react,34463,MERGED,3,6,115,59,40.52,859,hoxyq,3
facebook/react,34462,MERGED,5,13,504,2,1.56,322,poteto,0
facebook/react,34461,MERGED,1,1,17,8,47.24,318,sebmarkbage,1
facebook/react,34460,MERGED,3,4,114,27,47.7,3258,sebmarkbage,1
facebook/react,34459,MERGED,7,8,342,145,117.48,585,eps1lon,1
facebook/react,34456,MERGED,4,1,12,9,67.44,630,eps1lon,1
facebook/react,34455,MERGED,1,3,147,55,198.14,782,eps1lon,0
facebook/react,34454,MERGED,1,18,744,309,535.96,1038,eps1lon,1
facebook/react,34450,MERGED,1,1,7,14,11.67,1043,sebmarkbage,1
facebook/react,34449,MERGED,3,11,420,28,19.85,778,josephsavona,0
facebook/react,34439,MERGED,1,1,2,0,3.65,151,sebmarkbage,1
facebook/react,34438,MERGED,1,1,53,9,16.25,848,sebmarkbage,0
facebook/react,34436,MERGED,4,7,80,355,43.94,2291,EugeneChoi4,1
facebook/react,34435,MERGED,1,1,96,13,18.95,897,sebmarkbage,0
facebook/react,34434,MERGED,1,12,154,63,2.23,1042,josephsavona,0
facebook/react,34432,MERGED,2,2,5,4,67.48,174,hoxyq,1
facebook/react,34431,MERGED,2,2,123,18,3.67,632,eps1lon,1
facebook/react,34430,MERGED,2,3,4,2,414.43,162,hoxyq,1
facebook/react,34429,MERGED,1,2,31,13,1.5,469,hoxyq,0
facebook/react,34428,MERGED,1,4,27,28,5.92,182,eps1lon,0
facebook/react,34425,MERGED,2,19,2038,405,16.86,2871,sebmarkbage,1
facebook/react,34424,MERGED,4,4,173,28,21.1,1419,josephsavona,1
facebook/react,34423,MERGED,2,1,26,14,43.94,405,hoxyq,0
facebook/react,34422,MERGED,1,6,454,192,59.8,615,eps1lon,0
facebook/react,34421,MERGED,2,1,5,1,22.29,167,jorge-cab,0
facebook/react,34420,MERGED,2,2,3,2,1.77,206,EugeneChoi4,0
facebook/react,34410,MERGED,12,8,544,2,69.82,1877,josephsavona,10
facebook/react,34407,MERGED,1,2,32,1,6.72,3787,KimCookieYa,0
facebook/react,34406,MERGED,1,100,302,82,15.6,569,josephsavona,0
facebook/react,34404,MERGED,1,116,145,156,19.21,494,poteto,1
facebook/react,34403,MERGED,1,84,1974,338,19.07,356,poteto,2
facebook/react,34402,MERGED,1,63,401,403,18.8,459,poteto,1
facebook/react,34401,MERGED,5,63,379,395,18.79,770,poteto,1
facebook/react,34400,MERGED,3,6,97,89,72.18,653,eps1lon,0
facebook/react,34399,MERGED,7,5,53,17,74.76,2130,EugeneChoi4,5
facebook/react,34397,MERGED,4,10,187,22,145.84,537,eps1lon,1
facebook/react,34396,MERGED,3,4,73,76,74.12,398,eps1lon,0
facebook/react,34381,MERGED,1,1,14,1,2.48,363,eps1lon,1
facebook/react,34380,MERGED,3,1,4,5,2.58,263,eps1lon,0
facebook/react,34379,MERGED,4,10,43,47,173.18,634,eps1lon,4
facebook/react,34376,MERGED,2,5,104,15,1.5,1513,acdlite,1
facebook/react,34374,MERGED,9,28,41,36,216.4,2514,rickhanlonii,2
facebook/react,34373,MERGED,1,7,19,7,1.26,27,rickhanlonii,1
facebook/react,34372,MERGED,2,1,1,1,677.46,90,rickhanlonii,2
facebook/react,34371,MERGED,3,6,196,67,47.23,2225,EugeneChoi4,1
facebook/react,34370,MERGED,1,1,46,28,1.92,420,hoxyq,1
facebook/react,34363,CLOSED,1,7,41,254,9.41,604,JeetuSuthar,3
facebook/react,34361,MERGED,1,1,2,2,16.44,127,eps1lon,0
facebook/react,34360,MERGED,4,5,61,9,64.38,1943,eps1lon,2
facebook/react,34359,MERGED,1,3,51,18,65.14,377,eps1lon,0
facebook/react,34357,MERGED,1,2,24,68,22.27,770,eps1lon,4
facebook/react,34350,MERGED,1,4,105,6,35.08,232,unstubbable,3
facebook/react,34344,MERGED,2,9,161,65,95.22,2243,EugeneChoi4,0
facebook/react,34340,MERGED,2,1,8,3,2.7,825,unstubbable,2
facebook/react,34319,MERGED,4,7,364,45,312.74,1577,mofeiZ,0
facebook/react,34312,MERGED,2,5,136,9,29.86,489,eps1lon,1
facebook/react,34305,MERGED,14,7,253,5,22.98,1025,poteto,1
facebook/react,34304,MERGED,4,18,763,105,16.91,508,unstubbable,1
facebook/react,34303,MERGED,7,4,222,1,51.96,686,EugeneChoi4,3
facebook/react,34301,MERGED,1,17,514,149,1.06,242,unstubbable,1
facebook/react,34299,MERGED,1,1,11,9,31.27,194,eps1lon,0
facebook/react,34296,MERGED,2,2,16,14,20.73,652,eps1lon,0
facebook/react,34294,MERGED,1,2,3,3,21.77,79,eps1lon,0
facebook/react,34287,MERGED,3,2,10,2,5.62,1204,eps1lon,1
facebook/react,34277,MERGED,1,25,104,70,65.28,75,kassens,1
facebook/react,34276,CLOSED,3,11,430,8,427.5,1705,josephsavona,3
facebook/react,34270,MERGED,1,8,22,176,3.1,132,kassens,1
facebook/react,34264,MERGED,1,2,26,0,10.31,1701,Abdul-Omira,1
facebook/react,34260,MERGED,1,3,68,16,17.82,288,josephsavona,0
facebook/react,34258,MERGED,1,1,5,1,88.86,574,eps1lon,0
facebook/react,34257,CLOSED,1,36,14108,55,19.44,335,kassens,2
facebook/react,34253,MERGED,1,31,348,346,1.39,233,kassens,0
facebook/react,34252,MERGED,1,2,7,7,1.1,71,kassens,1
facebook/react,34251,MERGED,1,13,342,43,119.96,485,eps1lon,1
facebook/react,34249,MERGED,2,2,56,16,94.11,1553,eps1lon,1
facebook/react,34248,MERGED,1,7,40,14,12.59,109,kassens,1
facebook/react,34245,MERGED,1,4,9,10,2.83,20,kassens,1
facebook/react,34244,MERGED,1,3,23,23,2.47,118,kassens,1
facebook/react,34243,MERGED,1,1,2,0,1.31,0,kassens,3
facebook/react,34239,CLOSED,4,9,49,11,146.38,549,eps1lon,1
facebook/react,34237,MERGED,6,3,19,9,2.97,456,eps1lon,0
facebook/react,34236,MERGED,1,11,635,66,3.16,779,unstubbable,1
facebook/react,34235,MERGED,1,1,18,14,32.23,873,hoxyq,1
facebook/react,34234,MERGED,2,6,161,27,12.03,201,eps1lon,1
facebook/react,34233,MERGED,3,6,245,82,141.36,614,eps1lon,0
facebook/react,34231,CLOSED,1,6,129,3,19.85,2002,paulshen,5
facebook/react,34230,MERGED,1,4,21,21,2.21,823,sebmarkbage,1
facebook/react,34229,MERGED,1,2,85,37,75.8,888,sebmarkbage,1
facebook/react,34226,MERGED,7,20,405,7,19.03,1016,sebmarkbage,1
facebook/react,34225,MERGED,2,2,284,73,48.42,502,eps1lon,0
facebook/react,34224,MERGED,1,1,6,4,16.99,314,eps1lon,0
facebook/react,34221,MERGED,1,6,45,8,26.86,607,sebmarkbage,1
facebook/react,34212,MERGED,1,2,80,15,145.95,1057,sebmarkbage,0
facebook/react,34210,MERGED,1,15,89,61,147.1,1036,sebmarkbage,1
facebook/react,34209,MERGED,2,2,4,9,14.88,553,eps1lon,0
facebook/react,34208,MERGED,1,1,21,11,62.51,350,eps1lon,0
facebook/react,34206,MERGED,1,7,17,4,2.99,469,eps1lon,0
facebook/react,34201,MERGED,1,6,83,1,36.79,1275,sebmarkbage,0
facebook/react,34200,MERGED,2,8,144,2,45.87,2169,sebmarkbage,0
facebook/react,34199,MERGED,1,2,94,10,47.72,242,eps1lon,0
facebook/react,34198,MERGED,1,4,9,9,1.45,117,eps1lon,1
facebook/react,34196,MERGED,7,2,213,99,67.76,445,eps1lon,1
facebook/react,34192,MERGED,1,2,57,5,1.47,655,gnoff,1
facebook/react,34191,MERGED,2,2,26,2,10.21,238,eps1lon,1
facebook/react,34189,MERGED,4,3,46,1,10.81,500,eps1lon,1
facebook/react,34188,MERGED,4,4,225,7,46.15,407,eps1lon,1
facebook/react,34185,MERGED,1,7,84,46,10.17,1235,sebmarkbage,0
facebook/react,34183,MERGED,1,1,1,1,11.06,66,sebmarkbage,1
facebook/react,34181,MERGED,1,2,129,9,35.82,546,sebmarkbage,1
facebook/react,34176,MERGED,5,87,3298,1531,237.21,1912,josephsavona,2
facebook/react,34175,CLOSED,1,183,3895,1549,7.64,2080,josephsavona,1
facebook/react,34174,MERGED,2,1,13,71,16.7,97,kassens,1
dotnet/runtime,120546,MERGED,4,1,8,5,4.89,318,tarekgh,0
dotnet/runtime,120545,CLOSED,1,2,3,0,2.82,0,janvorli,2
dotnet/runtime,120539,MERGED,3,3,2,53,2.57,29,stephentoub,2
dotnet/runtime,120538,MERGED,2,2,8,8,3.45,285,vcsjones,1
dotnet/runtime,120525,CLOSED,1,1,1,2,1.0,206,kotlarmilos,5
dotnet/runtime,120518,MERGED,5,2,46,10,21.17,53,tarekgh,1
dotnet/runtime,120476,MERGED,2,1,0,1,10.26,0,pjanotti,1
dotnet/runtime,120473,MERGED,2,1,2,2,5.44,0,vseanreesermsft,0
dotnet/runtime,120461,CLOSED,2,1,1,0,12.97,380,hamarb123,1
dotnet/runtime,120460,MERGED,1,3,122,122,40.63,4856,dotnet-maestro[bot],3
dotnet/runtime,120456,MERGED,6,2,2,7,15.43,69,Henr1k80,1
dotnet/runtime,120455,MERGED,4,5,110,58,24.55,637,elinor-fung,3
dotnet/runtime,120451,CLOSED,1,1,6,2,7.05,62,xtqqczze,3
dotnet/runtime,120448,MERGED,2,1,1,1,53.71,1303,vcsjones,6
dotnet/runtime,120444,MERGED,3,1,1,0,17.63,500,kotlarmilos,1
dotnet/runtime,120442,MERGED,4,1,17,4,56.8,418,maraf,3
dotnet/runtime,120435,MERGED,3,3,36,1,25.8,253,jakobbotsch,5
dotnet/runtime,120432,MERGED,2,1,1,1,52.37,689,BrzVlad,6
dotnet/runtime,120426,MERGED,1,2,18,18,35.63,1551,dotnet-maestro[bot],0
dotnet/runtime,120425,MERGED,1,3,10,10,14.57,1169,dotnet-maestro[bot],0
dotnet/runtime,120422,MERGED,7,20,131,29,19.86,615,EgorBo,8
dotnet/runtime,120418,MERGED,1,2,5,5,41.55,1084,dotnet-maestro[bot],0
dotnet/runtime,120417,MERGED,1,2,42,42,62.85,1617,dotnet-maestro[bot],0
dotnet/runtime,120416,MERGED,1,2,42,42,45.82,1617,dotnet-maestro[bot],0
dotnet/runtime,120413,MERGED,7,2,3,2,6.55,80,EgorBo,12
dotnet/runtime,120412,MERGED,1,1,4,4,36.48,0,github-actions[bot],1
dotnet/runtime,120404,MERGED,1,2,3,3,51.59,1118,dotnet-maestro[bot],0
dotnet/runtime,120403,MERGED,1,2,3,3,72.85,1118,dotnet-maestro[bot],0
dotnet/runtime,120401,MERGED,1,7,178,66,56.69,1913,dotnet-maestro[bot],1
dotnet/runtime,120397,MERGED,1,4,62,62,65.49,2033,dotnet-maestro[bot],0
dotnet/runtime,120391,MERGED,3,2,6,3,91.41,243,davidwrighton,2
dotnet/runtime,120387,MERGED,3,1,9,9,72.67,484,github-actions[bot],2
dotnet/runtime,120386,MERGED,7,9,294,198,133.84,1881,jakobbotsch,5
dotnet/runtime,120385,MERGED,3,13,952,952,71.88,356,PranavSenthilnathan,0
dotnet/runtime,120384,MERGED,13,7,66,18,93.67,632,janvorli,4
dotnet/runtime,120383,MERGED,3,4,89,34,7.32,454,vcsjones,2
dotnet/runtime,120382,MERGED,2,4,89,34,3.01,454,vcsjones,2
dotnet/runtime,120381,MERGED,3,4,89,34,2.28,447,vcsjones,2
dotnet/runtime,120378,MERGED,2,1,11,6,77.75,426,janvorli,1
dotnet/runtime,120377,MERGED,3,1,2,0,65.52,188,janvorli,1
dotnet/runtime,120375,MERGED,4,1,2,2,84.51,53,mdh1418,2
dotnet/runtime,120372,MERGED,2,1,4,19,71.98,994,github-actions[bot],2
dotnet/runtime,120370,MERGED,4,1,4,19,2.1,396,AaronRobinsonMSFT,5
dotnet/runtime,120369,MERGED,1,2,18,18,78.36,1551,dotnet-maestro[bot],0
dotnet/runtime,120368,MERGED,1,1,1,1,12.1,74,frg2089,1
dotnet/runtime,120365,MERGED,2,8,40,7,16.19,80,pavelsavara,4
dotnet/runtime,120364,MERGED,4,1,92,111,7.83,79,jkotas,3
dotnet/runtime,120363,MERGED,3,1,0,18,65.66,143,ManickaP,0
dotnet/runtime,120359,MERGED,25,18,97,59,123.48,760,pavelsavara,6
dotnet/runtime,120358,MERGED,2,1,11,0,5.33,301,kotlarmilos,6
dotnet/runtime,120354,MERGED,2,1,1,1,10.01,25,jeffhandley,6
dotnet/runtime,120351,MERGED,1,4,123,123,72.92,4699,dotnet-maestro[bot],0
dotnet/runtime,120350,MERGED,1,2,3,3,110.67,1056,dotnet-maestro[bot],1
dotnet/runtime,120349,MERGED,1,2,3,3,89.49,1059,dotnet-maestro[bot],0
dotnet/runtime,120346,MERGED,13,6,147,17,109.18,168,VSadov,1
dotnet/runtime,120342,MERGED,5,1,9,9,21.43,0,bartonjs,3
dotnet/runtime,120338,MERGED,2,1,2,7,17.64,221,LoopedBard3,3
dotnet/runtime,120335,MERGED,1,1,4,2,31.81,1446,github-actions[bot],0
dotnet/runtime,120334,MERGED,3,1,4,2,30.18,1354,github-actions[bot],1
dotnet/runtime,120333,MERGED,2,1,4,2,22.08,399,thaystg,7
dotnet/runtime,120331,MERGED,1,2,3,3,27.11,1118,dotnet-maestro[bot],1
dotnet/runtime,120329,MERGED,2,1,4,9,99.14,744,github-actions[bot],0
dotnet/runtime,120323,MERGED,3,1,10,10,105.76,619,github-actions[bot],2
dotnet/runtime,120313,MERGED,5,3,118,15,43.74,125,AndyAyersMS,11
dotnet/runtime,120310,MERGED,12,5,244,2,16.37,368,vcsjones,1
dotnet/runtime,120308,MERGED,1,2,3,3,13.63,1109,dotnet-maestro[bot],0
dotnet/runtime,120307,MERGED,2,1,13,3,46.03,176,janvorli,1
dotnet/runtime,120305,MERGED,3,2,13,4,2.79,0,AaronRobinsonMSFT,2
dotnet/runtime,120302,MERGED,3,1,4,1,4.13,204,davidwrighton,1
dotnet/runtime,120301,MERGED,2,1,2,2,20.71,233,max-charlamb,1
dotnet/runtime,120300,MERGED,3,1,4,9,23.06,809,janvorli,2
dotnet/runtime,120299,MERGED,1,2,3,3,19.31,1125,dotnet-maestro[bot],0
dotnet/runtime,120295,MERGED,3,1,1,1,171.85,812,github-actions[bot],1
dotnet/runtime,120291,MERGED,1,1,12,12,176.74,173,SwapnilGaikwad,4
dotnet/runtime,120290,MERGED,9,3,62,10,23.09,224,jakobbotsch,6
dotnet/runtime,120289,MERGED,4,14,84,51,24.05,159,pavelsavara,2
dotnet/runtime,120287,MERGED,1,12,132,132,11.29,4672,dotnet-maestro[bot],0
dotnet/runtime,120286,MERGED,1,8,142,126,63.12,4947,dotnet-maestro[bot],0
dotnet/runtime,120282,MERGED,2,1,9,0,1.77,0,jkotas,1
dotnet/runtime,120280,MERGED,3,1,34,7,20.24,123,davidwrighton,1
dotnet/runtime,120278,MERGED,9,4,94,17,20.88,227,davidwrighton,2
dotnet/runtime,120277,MERGED,5,1,20,1,43.52,121,davidwrighton,1
dotnet/runtime,120276,MERGED,3,1,2,2,22.19,150,jakobbotsch,1
dotnet/runtime,120269,CLOSED,1,2,27,5,5.08,1144,github-actions[bot],2
dotnet/runtime,120268,MERGED,3,1,3,3,21.68,1234,github-actions[bot],1
dotnet/runtime,120266,MERGED,2,1,1,2,24.51,729,github-actions[bot],2
dotnet/runtime,120265,MERGED,2,1,1,2,24.54,729,github-actions[bot],0
dotnet/runtime,120264,MERGED,2,1,1,2,25.11,722,github-actions[bot],0
dotnet/runtime,120263,MERGED,2,16,552,507,145.37,1572,janvorli,1
dotnet/runtime,120261,MERGED,25,4,86,8,135.06,125,radekdoulik,8
dotnet/runtime,120260,MERGED,3,2,17,4,15.85,597,rzikm,2
dotnet/runtime,120258,MERGED,3,1,3,2,2.53,22,rzikm,1
dotnet/runtime,120256,MERGED,2,1,1,1,23.48,157,BrzVlad,3
dotnet/runtime,120250,MERGED,2,1,1,1,3.7,0,karelz,2
dotnet/runtime,120249,MERGED,3,1,3,3,15.25,397,maraf,7
dotnet/runtime,120247,MERGED,2,1,1,2,9.84,349,jeffhandley,7
dotnet/runtime,120243,MERGED,3,7,22,58,16.2,0,stephentoub,0
dotnet/runtime,120242,MERGED,4,2,15,39,3.34,13,jkotas,1
dotnet/runtime,120241,MERGED,3,1,10,1,14.05,260,AndyAyersMS,3
dotnet/runtime,120240,MERGED,1,2,5,5,12.26,1087,dotnet-maestro[bot],0
dotnet/runtime,120239,MERGED,1,2,3,3,17.02,1039,dotnet-maestro[bot],0
dotnet/runtime,120236,MERGED,1,1,5,1,97.13,505,github-actions[bot],1
dotnet/runtime,120235,MERGED,2,1,5,1,24.6,498,github-actions[bot],2
dotnet/runtime,120233,MERGED,2,3,52,1,13.56,851,EgorBo,1
dotnet/runtime,120231,MERGED,3,4,1,58,11.38,363,jtschuster,0
dotnet/runtime,120228,MERGED,2,1,2,2,47.45,47,kg,2
dotnet/runtime,120227,MERGED,8,2,45,3,4.01,108,davidwrighton,1
dotnet/runtime,120205,MERGED,9,4,72,9,6.01,317,davidwrighton,0
dotnet/runtime,120199,MERGED,7,1,152,168,63.92,117,radekdoulik,6
dotnet/runtime,120196,CLOSED,4,5,122,9,219.21,6487,Copilot,2
dotnet/runtime,120191,CLOSED,2,3,53,2,220.24,1342,github-actions[bot],1
dotnet/runtime,120186,MERGED,1,3,10,10,33.25,1157,dotnet-maestro[bot],0
dotnet/runtime,120185,MERGED,1,3,10,10,11.26,1157,dotnet-maestro[bot],0
dotnet/runtime,120184,MERGED,2,12,39,94,11.34,36,jkotas,1
dotnet/runtime,120183,MERGED,8,5,169,190,16.63,12,jkotas,0
dotnet/runtime,120182,MERGED,6,3,3,3,11.54,21,jkotas,0
dotnet/runtime,120181,MERGED,5,3,53,2,10.35,53,stephentoub,3
dotnet/runtime,120175,MERGED,18,17,131,75,35.48,143,AaronRobinsonMSFT,3
dotnet/runtime,120169,MERGED,1,1,4,4,31.7,0,github-actions[bot],1
dotnet/runtime,120165,MERGED,2,1,1,1,108.06,269,kitlith,1
dotnet/runtime,120164,MERGED,2,1,44,11,2.81,252,jkotas,2
dotnet/runtime,120161,MERGED,2,1,10,1,68.5,315,davidwrighton,1
dotnet/runtime,120159,MERGED,5,4,74,14,114.16,917,MitchBodmer,1
dotnet/runtime,120158,MERGED,1,1,8,1,237.62,527,github-actions[bot],1
dotnet/runtime,120154,MERGED,2,12,91,80,112.76,1095,BrzVlad,1
dotnet/runtime,120153,MERGED,20,8,62,26,33.81,51,radekdoulik,4
dotnet/runtime,120152,MERGED,2,5,10,14,3.86,338,vcsjones,1
dotnet/runtime,120150,MERGED,6,8,273,123,112.78,12,eiriktsarpalis,2
dotnet/runtime,120148,MERGED,2,1,1,0,174.98,1449,github-actions[bot],2
dotnet/runtime,120147,CLOSED,1,61,2458,2314,73.52,928,pavelsavara,2
dotnet/runtime,120145,MERGED,2,20,1704,6,13.54,184,Joy-less,23
dotnet/runtime,120143,MERGED,3,1,8,1,9.68,293,kevingosse,4
dotnet/runtime,120142,MERGED,4,1,43,36,106.38,110,MaxPatri,2
dotnet/runtime,120139,MERGED,10,5,65,4,167.98,238,kotlarmilos,2
dotnet/runtime,120138,MERGED,2,18,6,1602,7.33,86,jkotas,1
dotnet/runtime,120136,MERGED,3,2,27,5,16.85,1083,github-actions[bot],3
dotnet/runtime,120135,MERGED,7,75,1829,755,91.19,147,alex-lutsenko,7
dotnet/runtime,120134,MERGED,2,1,21,0,15.2,62,jkotas,1
dotnet/runtime,120132,MERGED,1,1,18,21,4.92,184,agocke,1
dotnet/runtime,120131,CLOSED,30,6,529,13,149.91,8110,henriquewr,1
dotnet/runtime,120130,MERGED,1,8,135,182,101.47,4928,dotnet-maestro[bot],7
dotnet/runtime,120129,MERGED,1,2,7,7,19.8,1087,dotnet-maestro[bot],1
dotnet/runtime,120128,MERGED,1,3,63,63,12.59,2036,dotnet-maestro[bot],1
dotnet/runtime,120124,MERGED,5,3,37,1,22.0,137,davidwrighton,3
dotnet/runtime,120123,MERGED,1,1,18,19,15.84,688,github-actions[bot],4
dotnet/runtime,120122,MERGED,1,5,121,15,16.98,761,github-actions[bot],0
dotnet/runtime,120119,MERGED,2,1,1,0,16.14,1384,max-charlamb,3
dotnet/runtime,120117,MERGED,3,15,414,555,6.37,637,github-actions[bot],0
dotnet/runtime,120115,MERGED,1,1,11,8,19.88,1033,github-actions[bot],0
dotnet/runtime,120106,MERGED,1,2,4,4,27.34,1216,dotnet-maestro[bot],0
dotnet/runtime,120103,MERGED,1,2,10,40,6.26,1010,github-actions[bot],0
dotnet/runtime,120102,MERGED,3,8,55,57,10.68,431,github-actions[bot],0
dotnet/runtime,120098,MERGED,7,2,93,6,43.38,5385,Copilot,5
dotnet/runtime,120091,MERGED,3,3,8,7,144.49,55,alinpahontu2912,3
dotnet/runtime,120089,MERGED,1,2,83,0,20.97,662,github-actions[bot],0
dotnet/runtime,120088,MERGED,1,3,1750,1648,20.97,662,github-actions[bot],0
dotnet/runtime,120087,MERGED,1,9,139,139,9.82,4890,dotnet-maestro[bot],1
dotnet/runtime,120086,CLOSED,1,2,10,40,13.87,1006,github-actions[bot],3
dotnet/runtime,120084,MERGED,2,1,0,53,3.16,1128,SadPencil,0
dotnet/runtime,120083,MERGED,9,18,193,325,41.65,763,rcj1,3
dotnet/runtime,120082,MERGED,1,11,139,190,132.25,4814,dotnet-maestro[bot],2
dotnet/runtime,120080,MERGED,17,1,12,0,98.78,0,jkotas,3
dotnet/runtime,120077,MERGED,4,15,414,555,19.5,678,PranavSenthilnathan,6
dotnet/runtime,120076,MERGED,2,1,19,0,44.72,238,davidwrighton,1
dotnet/runtime,120075,MERGED,6,1,11,8,22.39,110,jozkee,3
dotnet/runtime,120074,MERGED,20,25,72,12,325.69,348,kg,4
dotnet/runtime,120073,MERGED,2,1,13,2,123.9,1261,github-actions[bot],1
dotnet/runtime,120072,MERGED,4,3,6,0,20.08,140,davidwrighton,1
dotnet/runtime,120071,MERGED,1,2,96,26,21.09,966,github-actions[bot],1
dotnet/runtime,120069,MERGED,3,2,10,40,4.62,313,AaronRobinsonMSFT,5
dotnet/runtime,120067,MERGED,3,4,50,9,51.46,394,davidwrighton,5
dotnet/runtime,120066,MERGED,9,5,121,15,29.77,108,AaronRobinsonMSFT,5
dotnet/runtime,120062,MERGED,3,2,8,0,6.76,229,SadPencil,3
dotnet/runtime,120061,MERGED,3,1,2,2,3.46,72,davidwrighton,1
dotnet/runtime,120060,MERGED,3,1,4,8,21.96,39,BrzVlad,4
dotnet/runtime,120057,MERGED,1,4,134,134,55.44,3351,github-actions[bot],1
dotnet/runtime,120039,CLOSED,11,1,25,0,122.03,1835,Copilot,1
dotnet/runtime,120034,MERGED,1,3,61,61,18.05,2036,dotnet-maestro[bot],1
dotnet/runtime,120033,MERGED,1,2,5,5,18.07,1087,dotnet-maestro[bot],1
dotnet/runtime,120032,MERGED,1,2,3,3,36.97,1040,dotnet-maestro[bot],1
dotnet/runtime,120029,MERGED,7,2,27,5,48.03,416,jtschuster,3
dotnet/runtime,120028,MERGED,6,2,19,5,5.07,296,davidwrighton,0
dotnet/runtime,120027,MERGED,2,2,71,3,26.49,229,StephenMolloy,0
dotnet/runtime,120026,MERGED,1,7,74,56,4.41,1916,dotnet-maestro[bot],0
dotnet/runtime,120025,MERGED,2,3,61,61,16.37,2036,dotnet-maestro[bot],0
dotnet/runtime,120023,MERGED,1,1,2,2,17.09,1215,dotnet-maestro[bot],0
dotnet/runtime,120020,MERGED,1,1,2,2,23.15,1215,dotnet-maestro[bot],0
dotnet/runtime,120018,MERGED,2,1,12,27,49.27,147,vcsjones,0
dotnet/runtime,120016,MERGED,2,1,18,0,3.38,138,davidwrighton,0
dotnet/runtime,120013,MERGED,3,30,5054,2842,29.14,1985,StephenMolloy,1
dotnet/runtime,120012,MERGED,2,1,5,1,26.77,598,AaronRobinsonMSFT,15
dotnet/runtime,120011,MERGED,2,3,99,26,52.01,850,AaronRobinsonMSFT,4
dotnet/runtime,120009,MERGED,3,1,1,1,2.75,374,davidwrighton,1
dotnet/runtime,120006,MERGED,17,5,450,85,23.72,571,davidwrighton,1
dotnet/runtime,120005,MERGED,6,21,155,44,52.67,1067,sbomer,4
dotnet/runtime,120003,CLOSED,2,2,34,1,76.18,1117,github-actions[bot],3
dotnet/runtime,120000,MERGED,8,2,96,26,29.31,1592,allantargino,7
dotnet/runtime,119998,MERGED,10,10,484,12,55.11,447,vcsjones,4
dotnet/runtime,119995,MERGED,3,13,1595,1811,44.2,28,pavelsavara,1
dotnet/runtime,119993,MERGED,1,2,58,35,31.29,878,github-actions[bot],2
dotnet/runtime,119990,MERGED,2,1,9,4,24.69,1414,BrzVlad,2
dotnet/runtime,119989,MERGED,1,2,4,4,254.99,1000,github-actions[bot],0
dotnet/runtime,119987,MERGED,1,1,0,1,2.38,0,xtqqczze,1
dotnet/runtime,119981,MERGED,1,2,5,5,15.99,1087,dotnet-maestro[bot],1
dotnet/runtime,119980,MERGED,1,2,3,3,16.17,1039,dotnet-maestro[bot],1
dotnet/runtime,119978,MERGED,1,3,73,73,17.51,3351,github-actions[bot],4
dotnet/runtime,119977,MERGED,1,2,2,2,17.19,1069,dotnet-maestro[bot],0
dotnet/runtime,119975,MERGED,2,8,185,21,94.89,0,rcj1,1
dotnet/runtime,119974,MERGED,1,3,98,25,71.36,843,github-actions[bot],1
dotnet/runtime,119973,MERGED,1,2,8,8,5.34,131,xtqqczze,0
dotnet/runtime,119972,MERGED,2,3,98,25,3.14,181,AaronRobinsonMSFT,7
dotnet/runtime,119970,MERGED,2,1,5,5,2.73,18,gewarren,1
dotnet/runtime,119969,MERGED,10,7,24,13,59.55,161,radekdoulik,7
dotnet/runtime,119967,MERGED,1,1,1,1,47.31,1314,github-actions[bot],2
dotnet/runtime,119966,MERGED,3,41,321,216,7.62,0,tarekgh,2
dotnet/runtime,119965,MERGED,4,1,13,2,49.79,422,max-charlamb,3
dotnet/runtime,119964,MERGED,3,56,756,435,6.68,0,tarekgh,3
dotnet/runtime,119963,MERGED,2,1,12,0,5.73,462,github-actions[bot],2
dotnet/runtime,119960,MERGED,9,5,102,19,6.21,997,github-actions[bot],6
dotnet/runtime,119959,MERGED,2,6,365,248,49.2,899,SwapnilGaikwad,6
dotnet/runtime,119954,MERGED,2,5,0,24,3.88,86,jkotas,1
dotnet/runtime,119953,MERGED,2,12,91,80,9.48,1068,BrzVlad,3
dotnet/runtime,119944,MERGED,1,2,18,18,13.84,1553,dotnet-maestro[bot],0
dotnet/runtime,119943,MERGED,1,3,10,10,10.31,1157,dotnet-maestro[bot],0
dotnet/runtime,119942,MERGED,1,2,3,3,13.91,1110,dotnet-maestro[bot],0
dotnet/runtime,119941,MERGED,1,3,10,10,82.12,1157,dotnet-maestro[bot],1
dotnet/runtime,119940,MERGED,1,2,18,18,14.51,1553,dotnet-maestro[bot],0
dotnet/runtime,119938,MERGED,20,2,58,35,36.71,163,jkotas,21
dotnet/runtime,119937,MERGED,1,11,111,111,19.12,0,xtqqczze,4
dotnet/runtime,119936,MERGED,1,21,28,28,7.92,661,xtqqczze,9
dotnet/runtime,119932,MERGED,1,2,3,3,37.39,1054,dotnet-maestro[bot],1
dotnet/runtime,119931,MERGED,5,5,41,91,73.75,35,kg,7
dotnet/runtime,119923,MERGED,1,4,123,122,136.0,3383,dotnet-maestro[bot],8
dotnet/runtime,119922,MERGED,1,1,9,9,13.66,69,xtqqczze,0
dotnet/runtime,119920,MERGED,2,11,28,265,64.65,907,github-actions[bot],2
dotnet/runtime,119919,MERGED,3,8,55,57,67.52,133,PranavSenthilnathan,4
dotnet/runtime,119918,MERGED,1,1,17,17,72.07,1277,github-actions[bot],0
dotnet/runtime,119917,MERGED,1,1,1,1,72.08,1529,github-actions[bot],0
dotnet/runtime,119916,MERGED,1,6,233,2,72.09,1677,github-actions[bot],2
dotnet/runtime,119915,MERGED,2,30,5054,2842,116.75,1981,github-actions[bot],3
dotnet/runtime,119914,MERGED,3,9,1156,59,69.54,319,PranavSenthilnathan,3
dotnet/runtime,119913,MERGED,1,1,3,2,3.27,1514,github-actions[bot],1
dotnet/runtime,119912,MERGED,10,14,2112,0,263.31,15,vcsjones,1
dotnet/runtime,119911,MERGED,3,6,58,66,3.4,733,jkotas,1
dotnet/runtime,119910,MERGED,1,13,920,920,140.57,461,dotnet-bot,0
dotnet/runtime,119908,MERGED,2,1,3,2,2.6,13,jkoritzinsky,3
dotnet/runtime,119906,MERGED,9,5,34,11,19.68,146,kg,3
dotnet/runtime,119904,MERGED,2,8,579,192,76.85,830,github-actions[bot],5
dotnet/runtime,119900,MERGED,1,3,7,7,70.24,1238,dotnet-maestro[bot],1
dotnet/runtime,119898,MERGED,1,3,37,35,23.36,66,xtqqczze,1
dotnet/runtime,119896,MERGED,1,1,1,5,69.98,2539,prozolic,8
dotnet/runtime,119894,MERGED,1,8,81,63,144.24,3333,github-actions[bot],2
dotnet/runtime,119893,MERGED,2,1,67,66,11.71,654,github-actions[bot],3
dotnet/runtime,119890,MERGED,11,1,9,11,61.87,356,hamarb123,15
dotnet/runtime,119889,MERGED,1,1,1,0,72.34,949,github-actions[bot],2
dotnet/runtime,119888,MERGED,2,1,1,0,68.13,677,liveans,3
dotnet/runtime,119887,MERGED,5,1,6,5,11.65,340,akoeplinger,0
dotnet/runtime,119884,MERGED,7,22,1215,1058,11.21,646,PranavSenthilnathan,1
dotnet/runtime,119882,MERGED,2,2,0,10,5.75,108,akoeplinger,1
dotnet/runtime,119881,MERGED,2,12,88,75,78.04,443,BrzVlad,4
dotnet/runtime,119880,MERGED,1,13,962,962,4.61,461,dotnet-bot,2
dotnet/runtime,119873,MERGED,1,5,124,124,12.46,4145,dotnet-maestro[bot],0
dotnet/runtime,119872,MERGED,1,2,3,3,20.53,1054,dotnet-maestro[bot],1
dotnet/runtime,119871,MERGED,1,3,61,61,11.58,2036,dotnet-maestro[bot],1
dotnet/runtime,119870,MERGED,1,5,132,123,68.43,3910,dotnet-maestro[bot],0
dotnet/runtime,119869,MERGED,2,6,49,65,19.5,271,jkotas,2
dotnet/runtime,119867,MERGED,4,2,28,8,28.9,235,davidwrighton,6
dotnet/runtime,119866,MERGED,30,75,2569,2356,259.27,4023,pavelsavara,1
dotnet/runtime,119865,MERGED,3,6,233,2,146.84,3672,Copilot,12
dotnet/runtime,119864,MERGED,14,5,102,19,88.77,730,VSadov,12
dotnet/runtime,119863,MERGED,28,15,538,507,261.34,255,janvorli,17
dotnet/runtime,119861,MERGED,5,1,36,25,3.48,167,davidwrighton,1
dotnet/runtime,119859,MERGED,3,3,32,28,197.14,18,steveisok,2
dotnet/runtime,119858,MERGED,2,10,255,567,6.39,75,vcsjones,1
dotnet/runtime,119857,MERGED,4,5,59,79,23.69,921,jtschuster,0
dotnet/runtime,119853,MERGED,3,4,257,166,94.74,281,SwapnilGaikwad,6
dotnet/runtime,119850,MERGED,12,10,121,55,124.67,183,radekdoulik,9
dotnet/runtime,119849,MERGED,2,1,2,2,21.25,738,github-actions[bot],1
dotnet/runtime,119848,MERGED,1,1,5,1,7.35,1484,github-actions[bot],1
dotnet/runtime,119845,MERGED,2,2,34,1,122.95,532,github-actions[bot],3
dotnet/runtime,119844,MERGED,2,2,34,1,122.9,535,github-actions[bot],3
dotnet/runtime,119841,MERGED,2,1,1,0,6.93,0,pavelsavara,2
dotnet/runtime,119838,MERGED,3,2,34,1,3.64,2053,Copilot,9
dotnet/runtime,119837,MERGED,11,9,1156,60,38.17,14,PranavSenthilnathan,4
dotnet/runtime,119835,MERGED,28,30,5109,2912,109.39,6938,StephenMolloy,6
dotnet/runtime,119833,MERGED,1,5,212,212,11.46,6121,dotnet-maestro[bot],0
dotnet/runtime,119832,MERGED,1,2,3,3,11.56,1054,dotnet-maestro[bot],1
dotnet/runtime,119831,MERGED,1,3,233,233,11.88,6826,dotnet-maestro[bot],0
dotnet/runtime,119830,MERGED,1,2,11,11,16.68,1174,dotnet-maestro[bot],1
dotnet/runtime,119829,MERGED,1,2,42,42,65.03,1621,dotnet-maestro[bot],3
dotnet/runtime,119828,MERGED,1,2,45,45,11.61,1649,dotnet-maestro[bot],0
dotnet/runtime,119827,MERGED,2,1,2,2,6.13,53,ericstj,8
dotnet/runtime,119826,MERGED,7,1,5,1,20.56,2381,jonathanpeppers,3
dotnet/runtime,119825,MERGED,3,7,143,12,25.65,56,max-charlamb,1
dotnet/runtime,119824,MERGED,4,11,28,265,49.93,1095,jtschuster,3
dotnet/runtime,119823,MERGED,2,10,230,597,2.82,373,vcsjones,1
dotnet/runtime,119820,MERGED,13,5,59,79,117.93,329,jtschuster,1
dotnet/runtime,119818,MERGED,2,1,67,66,38.34,1218,jakobbotsch,14
dotnet/runtime,119817,MERGED,1,1,2,2,2.94,0,xtqqczze,1
dotnet/runtime,119816,MERGED,10,2,4,4,139.62,0,steveisok,7
dotnet/runtime,119815,MERGED,4,7,33,58,355.81,0,steveisok,6
dotnet/runtime,119814,MERGED,2,7,32,58,211.54,0,steveisok,15
dotnet/runtime,119813,MERGED,1,3,43,0,171.08,714,github-actions[bot],1
dotnet/runtime,119812,MERGED,3,1,1,1,127.66,768,github-actions[bot],4
dotnet/runtime,119809,MERGED,1,3,73,73,5.45,6205,dotnet-maestro[bot],1
dotnet/runtime,119806,MERGED,3,1,1,1,2.2,11,jakobbotsch,4
dotnet/runtime,119805,MERGED,1,3,727,2,172.63,583,github-actions[bot],1
dotnet/runtime,119803,MERGED,1,2,3,3,390.77,1122,dotnet-maestro[bot],1
dotnet/runtime,119801,MERGED,3,1,4,6,31.32,166,vitek-karas,1
dotnet/runtime,119800,MERGED,2,1,2,1,2.85,76,pavelsavara,1
dotnet/runtime,119798,MERGED,2,3,191,7,12.54,1347,github-actions[bot],1
dotnet/runtime,119797,MERGED,2,3,43,0,11.64,2099,EgorBo,7
dotnet/runtime,119794,MERGED,1,5,132,123,13.49,4276,dotnet-maestro[bot],0
dotnet/runtime,119793,MERGED,1,2,3,3,17.82,1054,dotnet-maestro[bot],1
dotnet/runtime,119792,MERGED,1,3,122,122,11.72,3531,dotnet-maestro[bot],1
dotnet/runtime,119791,MERGED,1,2,3,3,72.4,1054,dotnet-maestro[bot],0
dotnet/runtime,119790,MERGED,1,2,3,3,11.77,1050,dotnet-maestro[bot],0
dotnet/runtime,119789,MERGED,1,2,15,9,15.12,1036,github-actions[bot],1
dotnet/runtime,119786,MERGED,3,1,9,1,496.37,910,jkoritzinsky,5
dotnet/runtime,119785,MERGED,9,12,36,0,12.46,105,janvorli,1
dotnet/runtime,119784,MERGED,4,3,51,13,308.64,960,janvorli,2
dotnet/runtime,119779,MERGED,1,1,0,3,3.41,75,xtqqczze,2
dotnet/runtime,119778,MERGED,5,2,15,9,7.22,496,tarekgh,4
dotnet/runtime,119777,MERGED,2,1,4,1,9.08,52,kg,1
dotnet/runtime,119775,MERGED,2,1,0,1,28.65,639,kg,2
dotnet/runtime,119774,MERGED,6,1,12,12,34.97,0,mangod9,1
dotnet/runtime,119772,MERGED,2,1,1,0,3.58,88,kg,12
dotnet/runtime,119766,MERGED,1,3,3,7,6.78,137,xtqqczze,1
dotnet/runtime,119765,MERGED,4,1,1,5,6.95,88,xtqqczze,0
dotnet/runtime,119764,MERGED,5,1,1,1,50.13,358,ManickaP,1
dotnet/runtime,119762,MERGED,4,7,134,100,339.58,381,jakobbotsch,4
dotnet/runtime,119760,MERGED,4,14,22,22,24.96,80,xtqqczze,3
dotnet/runtime,119757,MERGED,1,1,1,1,198.83,511,github-actions[bot],5
dotnet/runtime,119755,MERGED,2,1,1,1,54.78,894,akoeplinger,4
dotnet/runtime,119754,MERGED,4,1,6,2,71.38,253,BrzVlad,9
dotnet/runtime,119753,MERGED,1,3,73,73,27.64,6213,dotnet-maestro[bot],1
dotnet/runtime,119752,MERGED,10,21,52,22,21.57,468,pavelsavara,2
dotnet/runtime,119751,MERGED,1,2,4,4,149.74,1178,dotnet-maestro[bot],0
dotnet/runtime,119749,MERGED,3,1,6,2,147.29,742,BrzVlad,16
dotnet/runtime,119748,CLOSED,1,2,24,2,5.09,366,iremyux,2
dotnet/runtime,119747,MERGED,2,1,1,1,6.47,0,ManickaP,6
dotnet/runtime,119744,MERGED,4,8,0,19,18.53,113,xtqqczze,0
dotnet/runtime,119743,MERGED,4,17,98,72,17.45,174,jkotas,6
dotnet/runtime,119742,MERGED,1,2,5,5,13.63,1087,dotnet-maestro[bot],1
dotnet/runtime,119741,MERGED,1,3,122,122,17.01,3915,dotnet-maestro[bot],0
dotnet/runtime,119740,MERGED,1,2,3,3,113.05,1039,dotnet-maestro[bot],0
dotnet/runtime,119739,CLOSED,3,1,16,8,11.78,379,ericstj,7
dotnet/runtime,119736,CLOSED,1,4,58,1,18.46,1491,github-actions[bot],1
dotnet/runtime,119734,CLOSED,5,1,1,1,218.38,322,janvorli,1
dotnet/runtime,119729,MERGED,4,4,58,1,4.33,681,jtschuster,5
dotnet/runtime,119728,MERGED,2,1,9,1,71.39,857,github-actions[bot],5
dotnet/runtime,119723,CLOSED,1,1,100,28,4.35,355,kekekeks,9
dotnet/runtime,119722,MERGED,3,79,143,430,18.27,594,akoeplinger,10
dotnet/runtime,119721,MERGED,1,3,7,7,43.56,3394,github-actions[bot],4
dotnet/runtime,119720,MERGED,1,4,3,13,87.94,3384,github-actions[bot],9
dotnet/runtime,119719,MERGED,3,1,2,0,45.19,358,omajid,3
dotnet/runtime,119717,MERGED,2,2,7,6,8.1,288,vcsjones,1
dotnet/runtime,119716,MERGED,3,2,7,6,88.44,288,vcsjones,4
dotnet/runtime,119715,MERGED,2,1,4,3,3.65,318,EgorBo,1
dotnet/runtime,119714,MERGED,3,2,8,7,3.14,57,RenderMichael,2
dotnet/runtime,119712,MERGED,6,4,108,82,53.77,288,SwapnilGaikwad,19
dotnet/runtime,119711,MERGED,3,1,18,20,4.37,83,jakobbotsch,2
dotnet/runtime,119705,MERGED,3,1,10,0,9.35,356,github-actions[bot],3
dotnet/runtime,119704,MERGED,2,1,5,5,3.1,19,MichalStrehovsky,1
dotnet/runtime,119703,MERGED,1,2,18,18,5.77,1552,dotnet-maestro[bot],0
dotnet/runtime,119702,MERGED,1,2,6,6,8.81,2107,dotnet-maestro[bot],0
dotnet/runtime,119696,MERGED,4,2,4,9,27.72,131,davidwrighton,9
dotnet/runtime,119694,MERGED,2,4,8,10,33.26,0,BrzVlad,2
dotnet/runtime,119691,MERGED,3,12,23,23,27.08,0,jkotas,3
dotnet/runtime,119690,MERGED,1,2,3,3,37.61,1054,dotnet-maestro[bot],1
dotnet/runtime,119683,MERGED,30,58,8079,45,244.5,4320,pavelsavara,5
dotnet/runtime,119682,MERGED,2,1,1,1,74.86,177,EgorBo,3
dotnet/runtime,119681,MERGED,11,38,171,171,73.05,1221,pavelsavara,5
dotnet/runtime,119679,MERGED,1,5,138,122,65.32,4223,dotnet-maestro[bot],0
dotnet/runtime,119678,MERGED,1,5,126,126,61.73,4454,dotnet-maestro[bot],1
dotnet/runtime,119677,MERGED,1,2,42,42,61.67,1621,dotnet-maestro[bot],1
dotnet/runtime,119676,MERGED,1,2,3,3,61.71,1055,dotnet-maestro[bot],0
dotnet/runtime,119675,MERGED,1,2,3,3,61.76,1039,dotnet-maestro[bot],0
dotnet/runtime,119672,MERGED,2,3,41,33,69.33,272,davidwrighton,1
dotnet/runtime,119670,MERGED,4,5,441,9,121.56,1295,davidwrighton,2
dotnet/runtime,119669,MERGED,1,3,7,7,66.46,1238,dotnet-maestro[bot],1
dotnet/runtime,119668,MERGED,1,1,2,2,16.07,1212,dotnet-maestro[bot],0
dotnet/runtime,119666,MERGED,3,1,1,1,70.47,1334,github-actions[bot],4
dotnet/runtime,119663,MERGED,2,3,21,4,266.07,493,kg,1
dotnet/runtime,119662,MERGED,28,7,1571,995,550.92,9147,tarekgh,0
dotnet/runtime,119661,MERGED,2,1,2,0,2.68,79,jkoritzinsky,0
dotnet/runtime,119660,MERGED,5,2,9,3,3.83,1047,Copilot,1
dotnet/runtime,119658,MERGED,8,12,123,63,222.43,941,AndyAyersMS,14
dotnet/runtime,119656,MERGED,3,1,11,3,17.93,157,kg,1
dotnet/runtime,119653,MERGED,1,10,2,22,10.1,114,xtqqczze,4
dotnet/runtime,119652,MERGED,12,24,2810,1,121.18,120,vcsjones,1
dotnet/runtime,119651,MERGED,2,1,1,1,3.27,137,mdh1418,2
dotnet/runtime,119640,MERGED,14,10,107,11,22.35,742,radekdoulik,1
dotnet/runtime,119636,MERGED,2,1,4,4,70.4,0,cincuranet,1
dotnet/runtime,119635,MERGED,1,2,3,3,76.51,1122,dotnet-maestro[bot],1
dotnet/runtime,119629,MERGED,3,7,42,136,22.11,109,pavelsavara,3
dotnet/runtime,119628,MERGED,1,1,2,3,5.88,173,SeungHuLee,1
dotnet/runtime,119627,MERGED,1,1,7,0,88.92,371,github-actions[bot],2
dotnet/runtime,119626,MERGED,1,1,7,0,79.41,371,github-actions[bot],2
dotnet/runtime,119625,CLOSED,3,1,2,3,11.12,0,rcj1,9
dotnet/runtime,119624,MERGED,2,3,4,4,90.27,84,max-charlamb,1
dotnet/runtime,119620,MERGED,1,2,5,5,13.54,1085,dotnet-maestro[bot],0
dotnet/runtime,119619,MERGED,1,2,3,3,13.49,1053,dotnet-maestro[bot],0
dotnet/runtime,119618,MERGED,1,2,3,3,15.08,1037,dotnet-maestro[bot],0
dotnet/runtime,119608,MERGED,2,2,56,9,3.45,491,github-actions[bot],2
dotnet/runtime,119605,MERGED,3,6,111,26,40.28,693,MichalStrehovsky,1
dotnet/runtime,119602,MERGED,2,5,10,5,18.27,1755,Copilot,1
dotnet/runtime,119600,MERGED,4,2,56,9,2.45,53,stephentoub,3
dotnet/runtime,119599,MERGED,2,6,20,95,106.68,664,kzrnm,5
dotnet/runtime,119598,MERGED,1,1,2,2,20.01,1213,dotnet-maestro[bot],0
dotnet/runtime,119596,MERGED,3,1,1,1,3.55,227,davidwrighton,2
dotnet/runtime,119591,MERGED,21,3,50,48,94.32,0,radekdoulik,1
dotnet/runtime,119590,MERGED,2,1,6,2,4.29,40,kg,0
dotnet/runtime,119589,MERGED,2,1,10,0,18.84,14,rzikm,4
dotnet/runtime,119583,CLOSED,22,3,69,3,5.42,750,stephentoub,15
dotnet/runtime,119581,MERGED,2,17,61,198,29.17,316,pavelsavara,2
dotnet/runtime,119579,MERGED,2,1,2,0,3.42,534,jakobbotsch,1
dotnet/runtime,119577,MERGED,1,3,53,51,27.81,3695,dotnet-maestro[bot],7
dotnet/runtime,119576,MERGED,1,1,1,1,29.64,0,xtqqczze,6
dotnet/runtime,119574,MERGED,2,1,2,2,6.6,39,MichalStrehovsky,3
dotnet/runtime,119568,MERGED,1,1,9,1,17.47,13,nike4613,6
dotnet/runtime,119563,MERGED,2,1,4,3,22.65,558,stephentoub,1
dotnet/runtime,119562,MERGED,1,4,124,124,11.02,4153,dotnet-maestro[bot],0
dotnet/runtime,119558,MERGED,2,1,7,6,17.6,1794,max-charlamb,1
dotnet/runtime,119557,MERGED,2,1,2,2,3.72,930,MihaZupan,1
dotnet/runtime,119556,MERGED,4,3,30,11,16.01,382,davidwrighton,1
dotnet/runtime,119554,MERGED,8,3,70,2,16.99,705,davidwrighton,1
dotnet/runtime,119552,MERGED,2,1,0,18,6.92,247,elinor-fung,1
dotnet/runtime,119549,MERGED,3,1,49,10,16.0,430,kg,1
dotnet/runtime,119548,MERGED,2,3,52,0,2.5,153,kg,0
dotnet/runtime,119546,MERGED,3,1,140,5,22.35,212,max-charlamb,0
dotnet/runtime,119544,MERGED,4,1,2,2,2.27,148,jkotas,1
dotnet/runtime,119543,MERGED,7,28,105,755,505.88,0,huoyaoyuan,0
dotnet/runtime,119540,MERGED,2,3,15,5,119.2,755,jakobbotsch,6
dotnet/runtime,119539,MERGED,2,1,1,0,6.07,0,stephentoub,1
dotnet/runtime,119537,MERGED,5,4,193,176,40.99,575,jakobbotsch,1
dotnet/runtime,119535,MERGED,2,1,1,0,4.29,546,max-charlamb,1
dotnet/runtime,119530,MERGED,9,1,113,31,23.86,56,radekdoulik,0
dotnet/runtime,119528,MERGED,1,1,4,4,12.56,52,a74nh,3
dotnet/runtime,119524,MERGED,3,7,65,33,38.67,296,MichalStrehovsky,2
dotnet/runtime,119523,MERGED,1,1,0,2,120.15,506,github-actions[bot],6
dotnet/runtime,119522,MERGED,1,1,0,2,120.15,504,github-actions[bot],5
dotnet/runtime,119521,MERGED,1,1,0,2,65.31,497,github-actions[bot],6
dotnet/runtime,119518,MERGED,4,10,203,34,298.57,976,elinor-fung,2
dotnet/runtime,119517,MERGED,1,3,122,122,22.87,3117,dotnet-maestro[bot],0
dotnet/runtime,119516,MERGED,19,3,269,84,28.97,237,AaronRobinsonMSFT,15
dotnet/runtime,119515,MERGED,2,8,87,21,18.24,1349,github-actions[bot],1
dotnet/runtime,119514,MERGED,15,6,265,122,46.77,560,davidwrighton,2
dotnet/runtime,119511,MERGED,3,12,165,54,21.11,0,rcj1,1
dotnet/runtime,119509,MERGED,1,1,2,0,3.28,361,xtqqczze,3
dotnet/runtime,119506,MERGED,3,1,1,2,16.15,342,JulieLeeMSFT,1
dotnet/runtime,119505,MERGED,2,0,0,0,4.16,0,vseanreesermsft,1
dotnet/runtime,119504,MERGED,2,0,0,0,4.39,0,vseanreesermsft,1
dotnet/runtime,119497,MERGED,2,1,0,2,15.5,402,ManickaP,19
dotnet/runtime,119496,MERGED,2,1,1,1,319.12,1258,github-actions[bot],1
dotnet/runtime,119494,MERGED,3,5,5,26,24.61,1705,Copilot,2
dotnet/runtime,119493,MERGED,4,9,25,28,11.92,366,xtqqczze,2
dotnet/runtime,119487,MERGED,6,1,8,6,25.57,142,akoeplinger,0
dotnet/runtime,119482,CLOSED,2,4,24,1,81.76,807,liveans,0
dotnet/runtime,119481,CLOSED,2,4,24,1,81.79,1072,liveans,0
dotnet/runtime,119480,MERGED,3,4,24,1,154.68,519,github-actions[bot],1
dotnet/runtime,119477,MERGED,1,4,123,124,23.45,4408,dotnet-maestro[bot],0
dotnet/runtime,119476,MERGED,1,3,122,122,37.28,4305,dotnet-maestro[bot],3
dotnet/runtime,119474,MERGED,2,2,74,6,16.45,181,EgorBo,2
dotnet/runtime,119473,MERGED,3,3,4,4,5.71,338,elinor-fung,1
dotnet/runtime,119472,CLOSED,1,1,3,4,1.2,2598,ChrisMcKee,4
dotnet/runtime,119471,MERGED,3,1,3,1,65.21,1253,github-actions[bot],1
dotnet/runtime,119469,MERGED,3,10,269,20,333.69,509,github-actions[bot],2
dotnet/runtime,119467,MERGED,9,1,3,3,51.53,113,xtqqczze,4
dotnet/runtime,119463,MERGED,5,4,24,24,44.89,89,pavelsavara,3
dotnet/runtime,119459,MERGED,5,4,16,6,504.67,96,alinpahontu2912,19
dotnet/runtime,119456,MERGED,1,1,13,13,6.84,0,xtqqczze,1
dotnet/runtime,119455,MERGED,2,1,2,0,21.8,327,ManickaP,8
dotnet/runtime,119454,MERGED,2,1,2,0,21.88,325,ManickaP,7
dotnet/runtime,119453,MERGED,3,1,2,0,47.04,320,github-actions[bot],6
dotnet/runtime,119450,MERGED,2,2,14,6,15.83,978,github-actions[bot],2
dotnet/runtime,119448,MERGED,30,26,288,128,39.3,667,AaronRobinsonMSFT,4
dotnet/runtime,119447,MERGED,1,1,4,0,76.24,914,gwr,4
dotnet/runtime,119446,MERGED,3,11,299,172,45.96,747,davidwrighton,12
dotnet/runtime,119445,MERGED,5,3,2,16,14.56,0,MihaZupan,1
dotnet/runtime,119442,MERGED,2,1,1,1,2.78,189,Yoticc,0
dotnet/runtime,119439,MERGED,1,1,3,3,1.37,31,SaverinOnRails,1
dotnet/runtime,119438,MERGED,6,2,14,6,15.27,13,pedrobsaila,4
dotnet/runtime,119436,MERGED,2,1,1,1,387.74,0,akoeplinger,4
dotnet/runtime,119435,MERGED,3,5,32,100,43.56,928,MihaZupan,1
dotnet/runtime,119434,MERGED,1,1,4,4,30.17,0,github-actions[bot],1
dotnet/runtime,119433,MERGED,2,1,0,15,17.27,12,jkotas,6
dotnet/runtime,119429,CLOSED,22,3,39,3,451.31,446,steveisok,44
dotnet/runtime,119427,MERGED,20,61,160,531,586.43,66,huoyaoyuan,10
dotnet/runtime,119426,MERGED,3,7,8,15,22.0,99,SingleAccretion,1
dotnet/runtime,119421,CLOSED,2,1,2,1,87.32,508,github-actions[bot],2
dotnet/runtime,119417,MERGED,30,20,894,21,416.3,215,rcj1,6
dotnet/runtime,119415,MERGED,2,2,43,3,71.21,114,max-charlamb,1
dotnet/runtime,119414,MERGED,9,20,231,214,43.61,243,AaronRobinsonMSFT,1
dotnet/runtime,119412,MERGED,7,9,21,99,58.0,33,SingleAccretion,10
dotnet/runtime,119410,MERGED,5,1,8,1,64.79,129,max-charlamb,2
dotnet/runtime,119407,MERGED,3,15,644,95,138.96,2506,jtschuster,1
dotnet/runtime,119406,MERGED,3,6,34,3,139.73,622,github-actions[bot],3
dotnet/runtime,119405,MERGED,2,2,50,2,339.47,1308,github-actions[bot],1
dotnet/runtime,119403,MERGED,2,3,87,33,58.95,13,jkotas,13
dotnet/runtime,119399,MERGED,4,1,18,19,73.25,185,matouskozak,4
dotnet/runtime,119397,MERGED,2,1,30,26,2.81,96,sbomer,0
dotnet/runtime,119396,MERGED,2,1,1,1,95.66,1425,max-charlamb,4
dotnet/runtime,119393,MERGED,2,1,3,1,73.14,898,max-charlamb,6
dotnet/runtime,119392,MERGED,2,1,42,2,73.39,1250,github-actions[bot],0
dotnet/runtime,119390,MERGED,18,3,727,2,287.63,247,snickolls-arm,5
dotnet/runtime,119388,MERGED,3,1,10,2,146.67,518,jakobbotsch,2
dotnet/runtime,119385,MERGED,6,259,2258,2386,159.93,1129,MichalStrehovsky,10
dotnet/runtime,119384,MERGED,2,2,83,0,498.45,69,StephenMolloy,2
dotnet/runtime,119383,MERGED,1,1,1,1,9.08,494,nalywa,0
dotnet/runtime,119382,CLOSED,1,3,22,19,686.25,0,jeffhandley,4
dotnet/runtime,119381,CLOSED,1,3,5,0,686.38,0,jeffhandley,12
dotnet/runtime,119379,MERGED,1,3,122,122,89.01,3615,dotnet-maestro[bot],2
dotnet/runtime,119378,MERGED,1,6,129,131,85.14,4771,dotnet-maestro[bot],2
dotnet/runtime,119376,MERGED,4,1,2,1,26.34,90,JulieLeeMSFT,9
dotnet/runtime,119375,MERGED,4,2,50,2,19.57,116,jkoritzinsky,6
dotnet/runtime,119374,MERGED,2,3,1750,1648,506.52,71,StephenMolloy,2
dotnet/runtime,119373,MERGED,2,1,5,8,10.96,148,sbomer,4
dotnet/runtime,119372,MERGED,2,4,38,1,18.91,1183,github-actions[bot],1
dotnet/runtime,119369,MERGED,8,5,38,8,9.4,250,AaronRobinsonMSFT,2
dotnet/runtime,119368,MERGED,3,3,6,4,121.04,124,tannergooding,8
dotnet/runtime,119367,MERGED,1,1,1,1,12.27,12354,dependabot[bot],1
dotnet/runtime,119366,MERGED,1,1,1,1,12.33,9129,dependabot[bot],1
dotnet/runtime,119365,MERGED,1,1,1,1,12.33,12011,dependabot[bot],1
dotnet/runtime,119362,MERGED,3,4,38,1,2.14,437,vcsjones,3
dotnet/runtime,119360,MERGED,3,6,213,238,488.86,1325,jtschuster,1
dotnet/runtime,119359,MERGED,3,1,1,1,74.02,182,FixBo,2
dotnet/runtime,119357,MERGED,2,2,2,2,21.3,405,github-actions[bot],3
dotnet/runtime,119356,MERGED,18,6,116,22,99.73,161,janvorli,0
dotnet/runtime,119355,MERGED,11,19,59,16,450.73,419,kotlarmilos,9
dotnet/runtime,119354,MERGED,9,4,24,1,111.71,3295,liveans,20
dotnet/runtime,119351,MERGED,3,1,21,3,22.32,62,pavelsavara,1
dotnet/runtime,119349,MERGED,2,1,4,6,171.71,711,github-actions[bot],4
dotnet/runtime,119346,MERGED,2,3,135,50,445.75,501,github-actions[bot],2
dotnet/runtime,119344,MERGED,1,9,186,132,10.78,4670,dotnet-maestro[bot],3
dotnet/runtime,119343,MERGED,9,10,202,34,141.42,669,elinor-fung,4
dotnet/runtime,119342,CLOSED,1,3,329,326,23.07,0,jeffhandley,4
dotnet/runtime,119341,CLOSED,1,3,159,158,23.38,0,jeffhandley,6
dotnet/runtime,119340,MERGED,8,11,165,214,19.38,397,tarekgh,2
dotnet/runtime,119338,CLOSED,2,513,11558,8447,165.04,432,davidwrighton,1
dotnet/runtime,119336,MERGED,2,5,139,6,5.07,1005,davidwrighton,0
dotnet/runtime,119335,MERGED,4,12,20,15,22.53,40,AaronRobinsonMSFT,1
dotnet/runtime,119334,MERGED,2,2,2,2,20.6,71,AndyAyersMS,4
dotnet/runtime,119333,MERGED,2,1,1,1,2.62,931,github-actions[bot],1
dotnet/runtime,119331,MERGED,3,2,4,0,12.29,1195,SingleAccretion,2
dotnet/runtime,119329,MERGED,10,15,644,95,45.51,1082,jtschuster,3
dotnet/runtime,119328,MERGED,3,1,6,6,41.72,272,jakobbotsch,5
dotnet/runtime,119327,MERGED,9,1,4,6,17.49,442,janvorli,3
dotnet/runtime,119326,MERGED,3,5,63,4,44.15,134,a74nh,2
dotnet/runtime,119325,MERGED,1,3,19,3,21.87,165,SingleAccretion,8
dotnet/runtime,119324,MERGED,5,15,1307,148,455.58,683,max-charlamb,3
dotnet/runtime,119319,MERGED,3,1,1,1,24.06,384,max-charlamb,1
dotnet/runtime,119316,MERGED,5,1,42,2,28.18,501,janvorli,3
dotnet/runtime,119315,MERGED,2,1,1,0,173.05,572,github-actions[bot],3
dotnet/runtime,119312,MERGED,5,1,1,1,13.99,36,MichalStrehovsky,2
dotnet/runtime,119310,MERGED,10,192,202,195,195.76,210,xtqqczze,4
dotnet/runtime,119308,CLOSED,1,1,4,0,1.49,128,alinpahontu2912,0
home-assistant/core,154071,MERGED,2,8,75,16,4.29,5281,chemelli74,1
home-assistant/core,154031,MERGED,2,3,19,15,17.82,5818,thecode,1
home-assistant/core,154011,MERGED,2,2,7,10,17.68,5311,joostlek,1
home-assistant/core,154008,MERGED,5,5,30,16,1.47,4653,epenet,5
home-assistant/core,154004,MERGED,4,1,14,3,1.79,4955,joostlek,1
home-assistant/core,153999,CLOSED,1,1,5,5,3.28,4708,abmantis,1
home-assistant/core,153998,MERGED,1,2,62,64,8.13,4717,hanwg,0
home-assistant/core,153997,MERGED,6,3,615,0,3.59,4792,thomasddn,0
home-assistant/core,153996,MERGED,2,1,1,1,5.08,4812,arturpragacz,1
home-assistant/core,153987,MERGED,2,3,59,4,13.0,5454,thecode,2
home-assistant/core,153983,MERGED,17,2,5,5,8.43,5010,emontnemery,0
home-assistant/core,153979,MERGED,1,1,2,2,5.68,9660,dependabot[bot],1
home-assistant/core,153967,MERGED,1,3,3,3,7.9,4905,michaeldavie,1
home-assistant/core,153962,MERGED,2,3,3,3,1.55,4997,VandeurenGlenn,0
home-assistant/core,153961,MERGED,2,2,3,3,16.72,3778,funkybunch,3
home-assistant/core,153957,MERGED,2,1,1,1,1.68,5218,bieniu,0
home-assistant/core,153955,CLOSED,1,2,24,0,36.69,4602,jpbede,0
home-assistant/core,153954,MERGED,2,3,3,3,2.96,2691,gjohansson-ST,0
home-assistant/core,153942,MERGED,4,5,14,155,5.45,4884,davet2001,1
home-assistant/core,153941,MERGED,9,30,2303,116,39.94,5601,emontnemery,4
home-assistant/core,153936,MERGED,2,3,64,9,16.22,5077,Shulyaka,0
home-assistant/core,153929,MERGED,2,1,11,0,3.15,4880,mbo18,1
home-assistant/core,153926,MERGED,2,7,7,6,3.69,5098,Shulyaka,1
home-assistant/core,153918,MERGED,4,10,754,0,30.44,5161,bieniu,1
home-assistant/core,153914,MERGED,2,2,31,1,7.51,4488,TheJulianJES,5
home-assistant/core,153910,CLOSED,2,1,4,0,42.57,4683,MindFreeze,14
home-assistant/core,153894,MERGED,2,1,0,34,4.08,4807,emontnemery,1
home-assistant/core,153882,MERGED,2,1,0,1,5.93,3435,TheJulianJES,1
home-assistant/core,153881,MERGED,1,1,4,6,6.36,4352,cdce8p,0
home-assistant/core,153879,MERGED,17,4,152,17,18.16,5776,LaStrada,4
home-assistant/core,153876,MERGED,2,2,0,81,1.24,4949,davet2001,0
home-assistant/core,153874,MERGED,2,4,4,4,15.27,5227,pantherale0,0
home-assistant/core,153872,MERGED,10,4,253,193,59.93,4881,CFenner,2
home-assistant/core,153870,MERGED,2,2,6,6,47.05,9765,bieniu,0
home-assistant/core,153865,MERGED,3,4,137,47,25.05,5060,thecode,1
home-assistant/core,153858,MERGED,1,2,6,4,13.14,4985,CFenner,1
home-assistant/core,153856,MERGED,2,2,2,1,1.93,2635,gjohansson-ST,0
home-assistant/core,153853,MERGED,4,1,19,3,46.01,5193,bachya,1
home-assistant/core,153850,MERGED,5,1,1,1,1.53,5333,NoRi2909,1
home-assistant/core,153844,MERGED,2,16,287,79,7.91,5965,thecode,1
home-assistant/core,153843,MERGED,2,4,5,5,1.07,5270,chemelli74,1
home-assistant/core,153840,MERGED,3,3,34,18,1.86,5173,chemelli74,1
home-assistant/core,153834,MERGED,1,1,1,1,6.35,4263,alec-pinson,16
home-assistant/core,153831,MERGED,1,7,283,0,23.6,4982,FMKaiba,7
home-assistant/core,153830,MERGED,2,8,261,182,4.15,4797,joostlek,3
home-assistant/core,153828,MERGED,2,2,89,5,8.5,4798,joostlek,1
home-assistant/core,153827,MERGED,5,2,14,14,11.84,5062,davidrapan,1
home-assistant/core,153826,MERGED,2,3,3,3,2.27,4858,joostlek,2
home-assistant/core,153822,MERGED,5,3,50,50,12.34,4912,davidrapan,3
home-assistant/core,153810,MERGED,2,2,4,4,2.26,4798,andrew-codechimp,1
home-assistant/core,153805,CLOSED,3,1,6,1,3.54,5287,zweckj,0
home-assistant/core,153804,MERGED,2,1,1,0,3.13,5236,zweckj,0
home-assistant/core,153800,MERGED,2,5,122,3,3.71,4646,epenet,1
home-assistant/core,153799,MERGED,2,1,3,3,3.74,3418,dependabot[bot],0
home-assistant/core,153797,MERGED,2,2,4,1,2.49,5196,tronikos,0
home-assistant/core,153795,MERGED,1,1,45,58,4.46,5207,tronikos,0
home-assistant/core,153793,MERGED,2,2,6,12,3.26,5281,tronikos,0
home-assistant/core,153790,MERGED,4,2,60,47,1.11,5430,balloob,1
home-assistant/core,153789,MERGED,1,3,2,4,7.94,4539,cdce8p,0
home-assistant/core,153783,MERGED,1,2,5,2,11.54,8203,jpelgrom,0
home-assistant/core,153781,MERGED,3,2,4,2,8.43,5230,bieniu,1
home-assistant/core,153780,MERGED,2,6,107,18,16.55,5346,LaStrada,1
home-assistant/core,153779,MERGED,4,2,212,48,4.91,5008,allenporter,1
home-assistant/core,153769,MERGED,4,2,6,7,1.51,5062,Shulyaka,0
home-assistant/core,153765,MERGED,13,4,5,5,62.63,4810,VandeurenGlenn,2
home-assistant/core,153764,MERGED,2,3,3,3,1.85,4971,Shulyaka,0
home-assistant/core,153761,MERGED,1,2,23,9,20.89,4972,cdnninja,3
home-assistant/core,153759,MERGED,3,5,167,2,17.58,5166,chemelli74,3
home-assistant/core,153756,MERGED,4,3,3,3,4.23,5287,chemelli74,1
home-assistant/core,153748,MERGED,5,6,345,6,23.68,5224,edenhaus,1
home-assistant/core,153747,MERGED,2,4,9,2,9.0,4794,jbouwh,1
home-assistant/core,153746,MERGED,2,2,71,60,47.48,5279,bieniu,1
home-assistant/core,153744,MERGED,3,12,49,71,5.34,5180,zweckj,1
home-assistant/core,153743,MERGED,2,3,11,5,1.18,5174,chemelli74,1
home-assistant/core,153742,MERGED,3,3,3,3,6.8,5197,Sander0542,9
home-assistant/core,153739,MERGED,1,2,19,11,27.23,5064,oyvindwe,1
home-assistant/core,153737,MERGED,2,2,3,3,2.61,5361,bieniu,1
home-assistant/core,153735,MERGED,10,5,34,13,21.09,5367,tronikos,0
home-assistant/core,153732,MERGED,2,2,10,3,1.91,5297,zweckj,1
home-assistant/core,153729,MERGED,4,4,149,160,11.9,6044,davidrapan,10
home-assistant/core,153727,MERGED,2,3,3,3,2.48,4512,scop,0
home-assistant/core,153725,MERGED,2,1,11,1,2.3,5221,zweckj,1
home-assistant/core,153722,MERGED,6,5,9,9,12.65,4696,fredrike,1
home-assistant/core,153715,MERGED,2,1,1,1,1.04,5791,tronikos,0
home-assistant/core,153714,MERGED,2,3,3,3,1.11,5186,tronikos,0
home-assistant/core,153709,MERGED,7,1,7,4,66.3,5340,peetersch,5
home-assistant/core,153706,MERGED,3,2,249,6,18.24,5264,balloob,1
home-assistant/core,153704,MERGED,2,6,6,6,1.84,4702,bdraco,0
home-assistant/core,153696,MERGED,2,6,98,1,38.49,4809,CFenner,0
home-assistant/core,153693,MERGED,1,5,31,8,9.03,4944,cdnninja,1
home-assistant/core,153692,MERGED,5,3,10,37,9.4,4818,thecode,2
home-assistant/core,153691,MERGED,1,3,18,10,2.63,4957,CFenner,0
home-assistant/core,153683,MERGED,3,3,3,3,11.19,5214,Danielhiversen,0
home-assistant/core,153680,MERGED,6,2,1,1,18.47,5033,Shulyaka,0
home-assistant/core,153676,MERGED,2,1,3,2,14.87,4877,Shulyaka,1
home-assistant/core,153669,MERGED,2,3,3,3,1.33,4698,bdraco,1
home-assistant/core,153664,CLOSED,4,1,3,1,22.78,1594,psathwikaa,3
home-assistant/core,153647,MERGED,1,2,12,1,1.37,4723,jbouwh,2
home-assistant/core,153645,MERGED,3,9,132,104,67.49,4975,CFenner,3
home-assistant/core,153634,MERGED,2,2,38,22,26.5,4898,CFenner,0
home-assistant/core,153631,MERGED,6,5,109,0,29.65,4900,CFenner,3
home-assistant/core,153629,MERGED,1,3,3,3,13.29,4825,CFenner,0
home-assistant/core,153626,MERGED,2,3,3,3,4.32,4478,cdce8p,1
home-assistant/core,153624,MERGED,1,1,3,2,5.57,12873,cdce8p,1
home-assistant/core,153621,MERGED,1,2,86,118,52.74,6290,catsmanac,2
home-assistant/core,153616,CLOSED,9,5,100,4,3.73,1415,dollaransh17,29
home-assistant/core,153609,MERGED,5,3,53,24,57.37,4747,hanwg,4
home-assistant/core,153606,MERGED,1,4,40,1,1.49,5252,Lash-L,1
home-assistant/core,153605,MERGED,2,4,140,6,13.7,6061,tr4nt0r,3
home-assistant/core,153604,MERGED,1,1,6,2,14.1,5330,elupus,1
home-assistant/core,153601,MERGED,2,2,3,2,12.05,5604,elupus,1
home-assistant/core,153599,MERGED,3,3,3,3,1.67,2785,gjohansson-ST,0
home-assistant/core,153596,MERGED,1,2,23,26,23.83,6374,elupus,4
home-assistant/core,153595,CLOSED,3,85,7003,2080,14.21,7007,jodur,3
home-assistant/core,153593,MERGED,2,2,18,18,6.92,5510,Lash-L,2
home-assistant/core,153592,MERGED,4,3,3,3,3.86,5281,chemelli74,1
home-assistant/core,153591,MERGED,2,8,658,0,4.0,5695,catsmanac,2
home-assistant/core,153590,MERGED,2,15,67,513,19.55,5301,tr4nt0r,2
home-assistant/core,153585,MERGED,3,1,20,7,4.88,4878,eifinger,0
home-assistant/core,153581,MERGED,8,3,18,1,11.6,2694,gjohansson-ST,1
home-assistant/core,153580,MERGED,2,1,2,2,9.55,4894,dollaransh17,1
home-assistant/core,153573,MERGED,1,4,4,29,2.07,4752,tr4nt0r,0
home-assistant/core,153571,MERGED,2,4,141,102,15.95,2720,gjohansson-ST,4
home-assistant/core,153568,MERGED,2,3,26,59,52.67,2743,gjohansson-ST,0
home-assistant/core,153567,MERGED,4,6,6,264,3.4,5581,tr4nt0r,0
home-assistant/core,153566,CLOSED,1,1,22,0,1.13,5529,dollaransh17,2
home-assistant/core,153561,MERGED,1,7,23,14,1.81,5473,Lash-L,2
home-assistant/core,153560,MERGED,2,18,0,1088,3.59,5365,mib1185,0
home-assistant/core,153559,MERGED,13,3,79,0,46.63,5409,LaStrada,2
home-assistant/core,153558,MERGED,5,2,57,1,70.82,5042,mib1185,1
home-assistant/core,153555,CLOSED,1,1,757,0,18.41,5233,balloob,2
home-assistant/core,153546,CLOSED,2,12,813,159,63.22,5419,jodur,7
home-assistant/core,153544,CLOSED,2,1,4,0,75.35,266,naaa760,3
home-assistant/core,153540,CLOSED,14,1,4,2,126.39,4127,Yvan13120,3
home-assistant/core,153536,CLOSED,1,4,24,9,4.83,5297,dollaransh17,12
home-assistant/core,153529,MERGED,3,3,3,3,6.53,5848,LaStrada,1
home-assistant/core,153528,CLOSED,2,4,143,4,7.61,5009,epenet,1
home-assistant/core,153527,MERGED,2,1,44,29,61.82,5352,emontnemery,0
home-assistant/core,153524,MERGED,2,1,2,2,13.24,9356,dependabot[bot],0
home-assistant/core,153522,MERGED,8,2,130,3,10.87,5266,balloob,2
home-assistant/core,153521,MERGED,2,1,5,3,6.82,4595,Copilot,2
home-assistant/core,153520,MERGED,2,1,1,6,24.14,5385,Lash-L,1
home-assistant/core,153518,MERGED,10,2,44,60,23.69,4798,felipecrs,2
home-assistant/core,153512,MERGED,2,1,1,1,7.92,5305,LaStrada,1
home-assistant/core,153510,MERGED,4,2,11,4,64.24,5924,LaStrada,1
home-assistant/core,153505,MERGED,5,4,197,15,89.06,6221,felipecrs,2
home-assistant/core,153503,MERGED,8,4,58,9,19.13,4721,abmantis,2
home-assistant/core,153502,MERGED,2,4,860,993,1.71,4853,emontnemery,1
home-assistant/core,153500,MERGED,3,3,3,3,1.1,5049,puddly,1
home-assistant/core,153499,MERGED,2,2,7,7,64.21,5441,LaStrada,2
home-assistant/core,153493,MERGED,3,3,2,109,13.26,4972,cdnninja,4
home-assistant/core,153488,MERGED,1,3,3,3,1.84,5293,timmo001,1
home-assistant/core,153485,MERGED,22,7,466,1,23.96,5192,erwindouna,1
home-assistant/core,153483,MERGED,4,3,1,225,2.13,5399,dollaransh17,15
home-assistant/core,153481,CLOSED,1,5,29,12,48.42,5462,zweckj,3
home-assistant/core,153478,MERGED,2,1,4,1,2.17,5262,zweckj,0
home-assistant/core,153476,MERGED,1,3,3,3,1.03,5309,timmo001,0
home-assistant/core,153473,MERGED,2,2,16,37,135.13,2737,gjohansson-ST,0
home-assistant/core,153472,MERGED,6,2,5,10,75.62,2694,gjohansson-ST,0
home-assistant/core,153471,MERGED,3,2,22,11,3.48,5194,emontnemery,1
home-assistant/core,153470,MERGED,2,3,9,25,2.18,4921,emontnemery,2
home-assistant/core,153468,CLOSED,1,8,668,1,109.36,5055,johanzander,2
home-assistant/core,153465,MERGED,3,2,15,4,3.86,2732,gjohansson-ST,1
home-assistant/core,153464,MERGED,4,6,72,28,93.24,4816,AndyTempel,2
home-assistant/core,153463,MERGED,4,1,25,0,94.05,4857,PaTara43,2
home-assistant/core,153458,MERGED,2,3,3,3,1.49,4840,thecode,2
home-assistant/core,153456,MERGED,4,3,65,18,3.26,4911,emontnemery,1
home-assistant/core,153452,MERGED,3,2,12,9,4.41,5352,LaStrada,2
home-assistant/core,153450,MERGED,5,8,1316,4,66.76,5410,thecode,1
home-assistant/core,153448,MERGED,2,2,3,3,3.49,5472,LaStrada,1
home-assistant/core,153445,MERGED,2,2,16,0,2.56,4810,joostlek,0
home-assistant/core,153443,MERGED,3,3,3,10,4.09,4964,puddly,1
home-assistant/core,153442,MERGED,3,1,3,0,5.06,5288,LaStrada,2
home-assistant/core,153441,MERGED,2,1,5,5,1.29,5295,agners,0
home-assistant/core,153438,MERGED,3,6,297,2,8.22,4824,joostlek,0
home-assistant/core,153430,MERGED,7,2,8,1,7.59,5314,timmo001,1
home-assistant/core,153427,MERGED,2,1,2,2,7.88,4764,NoRi2909,1
home-assistant/core,153422,MERGED,6,2,105,8,7.13,5177,TheJulianJES,1
home-assistant/core,153417,MERGED,3,1,9,9,2.84,2730,dollaransh17,4
home-assistant/core,153413,MERGED,2,3,3,3,1.21,5351,erwindouna,0
home-assistant/core,153412,MERGED,2,7,344,0,1.36,4559,epenet,1
home-assistant/core,153411,MERGED,2,3,203,0,1.67,4559,epenet,1
home-assistant/core,153407,MERGED,2,7,451,0,3.44,4559,epenet,1
home-assistant/core,153406,MERGED,7,1,1,1,2.09,5190,zweckj,0
home-assistant/core,153405,MERGED,2,1,13,21,2.75,4860,emontnemery,1
home-assistant/core,153404,MERGED,3,3,987,8,14.8,5109,emontnemery,4
home-assistant/core,153402,CLOSED,3,1,116,535,4.24,5260,Shreekant-Bharti,2
home-assistant/core,153401,MERGED,1,3,3,3,1.73,5574,Kinachi249,0
home-assistant/core,153397,MERGED,1,2,1,2,9.04,4703,linuxkidd,4
home-assistant/core,153396,MERGED,1,3,3,3,8.81,5364,Lash-L,1
home-assistant/core,153388,MERGED,2,6,197,27,7.84,5300,emontnemery,1
home-assistant/core,153387,MERGED,2,1,17,5,11.11,5133,elupus,0
home-assistant/core,153380,MERGED,2,1,2,0,1.13,5443,starkillerOG,1
home-assistant/core,153370,MERGED,2,1,0,25,98.4,2692,gjohansson-ST,0
home-assistant/core,153367,MERGED,3,4,4,129,1.69,2682,gjohansson-ST,1
home-assistant/core,153366,MERGED,2,3,3,261,1.81,2676,gjohansson-ST,1
home-assistant/core,153365,CLOSED,1,1,1,1,26.54,1248,dianamunadi,1
home-assistant/core,153364,MERGED,2,2,0,54,14.38,2690,gjohansson-ST,1
home-assistant/core,153363,MERGED,2,3,2,53,2.0,2682,gjohansson-ST,1
home-assistant/core,153362,CLOSED,2,10,769,149,37.65,5126,jodur,2
home-assistant/core,153361,MERGED,4,2,11,6,15.81,4926,mib1185,1
home-assistant/core,153358,MERGED,1,6,330,6,117.04,5486,jbouwh,1
home-assistant/core,153352,MERGED,3,1,1,1,1.5,4827,alengwenus,0
home-assistant/core,153350,MERGED,7,18,5019,1808,24.37,2794,gjohansson-ST,3
home-assistant/core,153348,MERGED,2,4,284,4,44.36,5669,thecode,1
home-assistant/core,153345,MERGED,2,3,173,56,1.22,5289,puddly,2
home-assistant/core,153344,MERGED,2,6,6,6,2.08,5278,agners,1
home-assistant/core,153342,MERGED,8,4,13,2,72.2,5132,HarlemSquirrel,1
home-assistant/core,153336,MERGED,2,4,150,0,3.32,4572,epenet,1
home-assistant/core,153335,MERGED,2,3,3,3,1.43,5279,erwindouna,0
home-assistant/core,153334,MERGED,2,9,149,171,5.76,4873,emontnemery,1
home-assistant/core,153330,MERGED,2,2,7,9,4.62,4352,cdce8p,0
home-assistant/core,153329,MERGED,2,3,3,3,2.33,4466,cdce8p,0
home-assistant/core,153327,MERGED,2,3,3,3,4.81,4410,cdce8p,1
home-assistant/core,153326,MERGED,2,3,3,3,2.05,5386,erwindouna,0
home-assistant/core,153325,MERGED,2,3,3,3,4.11,4494,cdce8p,0
home-assistant/core,153324,MERGED,3,17,16,2596,7.13,5168,emontnemery,2
home-assistant/core,153322,MERGED,1,16,41,57,4.91,4406,cdce8p,0
home-assistant/core,153321,MERGED,1,5,4,10,20.85,4874,Shutgun,1
home-assistant/core,153317,MERGED,2,3,3,3,6.59,5190,CoMPaTech,0
home-assistant/core,153316,MERGED,2,1,881,66,2.51,4905,HarvsG,0
home-assistant/core,153315,MERGED,2,1,2,0,7.46,5198,LaStrada,1
home-assistant/core,153313,MERGED,2,9,107,101,3.21,4805,emontnemery,1
home-assistant/core,153306,MERGED,2,3,71,41,4.07,4799,emontnemery,1
home-assistant/core,153305,MERGED,2,4,1274,4,3.88,5338,bieniu,1
home-assistant/core,153303,MERGED,5,6,229,6,26.32,5013,erwindouna,2
home-assistant/core,153297,MERGED,2,5,75,4,129.68,5010,cdnninja,5
home-assistant/core,153293,MERGED,6,4,70,3,32.37,4971,tr4nt0r,0
home-assistant/core,153289,MERGED,4,2,47,1,11.64,5308,HarvsG,3
home-assistant/core,153285,MERGED,4,2,0,18,46.63,4836,joostlek,3
home-assistant/core,153284,CLOSED,1,1,39,11,19.42,5432,anaterth,2
home-assistant/core,153280,MERGED,2,4,27,4,1.4,4836,joostlek,0
home-assistant/core,153279,MERGED,2,2,11,0,1.36,4832,joostlek,0
home-assistant/core,153277,MERGED,7,16,174,64,16.27,5246,puddly,4
home-assistant/core,153276,MERGED,2,2,11,0,2.09,4839,joostlek,0
home-assistant/core,153273,MERGED,3,3,3,3,2.86,5297,edenhaus,3
home-assistant/core,153271,MERGED,4,2,38,23,19.56,4919,arturpragacz,1
home-assistant/core,153269,MERGED,6,2,18,4,4.94,5206,erwindouna,1
home-assistant/core,153264,MERGED,2,1,2,2,5.82,5202,NoRi2909,0
home-assistant/core,153262,MERGED,5,2,46,4,55.15,4692,emontnemery,1
home-assistant/core,153261,MERGED,2,1,4,0,52.07,5063,piitaya,4
home-assistant/core,153258,MERGED,2,2,42,0,1.97,4940,arturpragacz,1
home-assistant/core,153255,MERGED,2,1,2,2,4.26,4810,emontnemery,0
home-assistant/core,153251,MERGED,1,2,2,2,4.54,4457,cdce8p,0
home-assistant/core,153250,MERGED,2,9,6,11,3.64,4820,ludeeus,1
home-assistant/core,153249,MERGED,3,1,16,3,131.79,4862,emontnemery,1
home-assistant/core,153248,MERGED,6,2,20,40,24.14,4865,emontnemery,1
home-assistant/core,153247,MERGED,4,3,87,0,4.22,4950,emontnemery,1
home-assistant/core,153244,MERGED,2,1,6,0,4.69,4798,emontnemery,1
home-assistant/core,153243,MERGED,2,1,1,0,4.71,4800,emontnemery,1
home-assistant/core,153242,MERGED,2,2,13,3,4.71,4865,emontnemery,1
home-assistant/core,153239,MERGED,1,1,5,5,3.22,6297,dependabot[bot],0
home-assistant/core,153235,MERGED,2,2,31,5,29.61,4892,TheJulianJES,2
home-assistant/core,153234,MERGED,2,1,13,13,30.92,4094,TheJulianJES,11
home-assistant/core,153232,MERGED,2,1,3,3,31.27,3826,TheJulianJES,4
home-assistant/core,153223,MERGED,2,1,12,10,12.51,2658,gjohansson-ST,0
home-assistant/core,153206,MERGED,3,1,9,9,2.26,5146,c0ffeeca7,1
home-assistant/core,153204,MERGED,3,7,7,9,4.3,4390,piitaya,0
home-assistant/core,153203,MERGED,2,10,10,9,150.44,5679,andrew-codechimp,1
home-assistant/core,153202,MERGED,7,1,22,0,3.82,4918,emontnemery,1
home-assistant/core,153201,MERGED,2,1,1,1,151.61,5388,timmo001,0
home-assistant/core,153196,MERGED,1,7,5,56,1.75,230,emontnemery,4
home-assistant/core,153194,MERGED,2,5,265,116,4.54,4914,emontnemery,1
home-assistant/core,153193,MERGED,3,4,22,3,5.12,5272,joostlek,1
home-assistant/core,153191,MERGED,2,1,10,10,9.63,4747,cdce8p,5
home-assistant/core,153190,MERGED,4,5,422,53,7.73,5747,MartinHjelmare,2
home-assistant/core,153188,MERGED,2,4,6,3,3.17,4770,arturpragacz,1
home-assistant/core,153185,MERGED,3,5,7,3,4.54,5287,chemelli74,0
home-assistant/core,153183,MERGED,2,5,405,3,2.23,4786,andrew-codechimp,2
home-assistant/core,153180,MERGED,1,1,1,1,4.3,6569,dependabot[bot],0
home-assistant/core,153179,MERGED,1,1,2,2,4.35,9215,dependabot[bot],0
home-assistant/core,153173,MERGED,1,3,685,1,13.13,5124,cdnninja,3
home-assistant/core,153170,MERGED,8,4,77,0,17.43,5492,starkillerOG,0
home-assistant/core,153169,MERGED,2,3,9,1,10.58,5091,starkillerOG,0
home-assistant/core,153166,MERGED,3,4,90,0,133.09,5050,lboue,3
home-assistant/core,153161,MERGED,2,4,9,9,1.07,6494,starkillerOG,0
home-assistant/core,153150,MERGED,2,4,77,16,196.43,5171,allenporter,0
